[
    {
        "name": "Arctic",
        "md5": "67e0db3305b3c8bac3a363b1c428892e.png",
        "type": "backdrop",
        "tags": [
            "outdoors",
            "cold",
            "north pole",
            "south pole",
            "ice",
            "antarctica",
            "robert hunter"
        ],
        "info": [
            960,
            720,
            2
        ]
    },
    {
        "name": "Baseball 1",
        "md5": "825d9b54682c406215d9d1f98a819449.svg",
        "type": "backdrop",
        "tags": [
            "baseball",
            "sports",
            "outdoors",
            "alex eben meyer"
        ],
        "info": [
            480,
            360,
            1
        ]
    },
    {
        "name": "Baseball 2",
        "md5": "7be1f5b3e682813dac1f297e52ff7dca.svg",
        "type": "backdrop",
        "tags": [
            "baseball",
            "sports",
            "outdoors",
            "alex eben meyer"
        ],
        "info": [
            480,
            360,
            1
        ]
    },
    {
        "name": "Basketball 1",
        "md5": "ae21eac3d1814aee1d37ae82ea287816.svg",
        "type": "backdrop",
        "tags": [
            "sports",
            "outdoors",
            "basketball",
            "alex eben meyer"
        ],
        "info": [
            480,
            360,
            1
        ]
    },
    {
        "name": "Basketball 2",
        "md5": "a5865738283613a2725b2c9dda6d8c78.png",
        "type": "backdrop",
        "tags": [
            "outdoors",
            "sports",
            "basketball"
        ],
        "info": [
            960,
            720,
            2
        ]
    },
    {
        "name": "Beach Malibu",
        "md5": "050615fe992a00d6af0e664e497ebf53.png",
        "type": "backdrop",
        "tags": [
            "outdoors"
        ],
        "info": [
            960,
            720,
            2
        ]
    },
    {
        "name": "Beach Rio",
        "md5": "968f0ede6e70e1dbb763d6fd4c5003e0.png",
        "type": "backdrop",
        "tags": [
            "outdoors"
        ],
        "info": [
            960,
            720,
            2
        ]
    },
    {
        "name": "Bedroom 1",
        "md5": "7aa6bbb2ddc4c10f901e1a50aeac1c7e.png",
        "type": "backdrop",
        "tags": [
            "bedroom",
            "indoors"
        ],
        "info": [
            960,
            720,
            2
        ]
    },
    {
        "name": "Bedroom 2",
        "md5": "e2f8b0dbd0a65d2ad8bfc21616662a6a.png",
        "type": "backdrop",
        "tags": [
            "indoors"
        ],
        "info": [
            960,
            720,
            2
        ]
    },
    {
        "name": "Bedroom 3",
        "md5": "8cc0b88d53345b3e337e8f028a32a4e7.png",
        "type": "backdrop",
        "tags": [
            "indoors"
        ],
        "info": [
            960,
            720,
            2
        ]
    },
    {
        "name": "Bench With View",
        "md5": "962201a2b712a302fb087f8f0dcb2076.png",
        "type": "backdrop",
        "tags": [
            "outdoors",
            "hill",
            "view"
        ],
        "info": [
            960,
            720,
            2
        ]
    },
    {
        "name": "Blue Sky",
        "md5": "e7c147730f19d284bcd7b3f00af19bb6.svg",
        "type": "backdrop",
        "tags": [
            "outdoors",
            "flying"
        ],
        "info": [
            480,
            360,
            1
        ]
    },
    {
        "name": "Blue Sky 2 ",
        "md5": "8eb8790be5507fdccf73e7c1570bbbab.svg",
        "type": "backdrop",
        "tags": [
            "outdoors",
            "flying"
        ],
        "info": [
            480,
            360,
            1
        ]
    },
    {
        "name": "Boardwalk",
        "md5": "de0e54cd11551566f044e7e6bc588b2c.png",
        "type": "backdrop",
        "tags": [
            "outdoors",
            "ocean"
        ],
        "info": [
            960,
            720,
            2
        ]
    },
    {
        "name": "Canyon",
        "md5": "c7c0b27b959193a0b570a9639cfe8158.png",
        "type": "backdrop",
        "tags": [
            "outdoors",
            "nature"
        ],
        "info": [
            960,
            720,
            2
        ]
    },
    {
        "name": "Castle 1",
        "md5": "e1914ed7917267f1c2ef2b48004cade9.png",
        "type": "backdrop",
        "tags": [
            "fantasy"
        ],
        "info": [
            960,
            720,
            2
        ]
    },
    {
        "name": "Castle 2",
        "md5": "951765ee7f7370f120c9df20b577c22f.png",
        "type": "backdrop",
        "tags": [
            "fantasy"
        ],
        "info": [
            960,
            720,
            2
        ]
    },
    {
        "name": "Castle 3",
        "md5": "76fa99f67569fcd39b4be74ed38c33f3.png",
        "type": "backdrop",
        "tags": [
            "fantasy"
        ],
        "info": [
            960,
            720,
            2
        ]
    },
    {
        "name": "Castle 4",
        "md5": "4f45f79af8e8dac3d41eb5a06ade61d4.png",
        "type": "backdrop",
        "tags": [
            "fantasy"
        ],
        "info": [
            960,
            720,
            2
        ]
    },
    {
        "name": "Chalkboard",
        "md5": "a8a24b5aa717bbef09dbe31368914427.png",
        "type": "backdrop",
        "tags": [
            "indoors",
            "school"
        ],
        "info": [
            960,
            720,
            2
        ]
    },
    {
        "name": "Circles",
        "md5": "c9847be305920807c5597d81576dd0c4.svg",
        "type": "backdrop",
        "tags": [
            "patterns"
        ],
        "info": [
            480,
            360,
            1
        ]
    },
    {
        "name": "City With Water",
        "md5": "1ef98019fc94ea65a1b55d5521285c7a.png",
        "type": "backdrop",
        "tags": [
            "outdoors",
            "boston"
        ],
        "info": [
            960,
            720,
            2
        ]
    },
    {
        "name": "Colorful City",
        "md5": "04d18ddd1b85f0ea30beb14b8da49f60.png",
        "type": "backdrop",
        "tags": [
            "city",
            "town",
            "road",
            "skyline",
            "outdoors"
        ],
        "info": [
            960,
            720,
            2
        ]
    },
    {
        "name": "Concert",
        "md5": "c8d90320d2966c08af8cdd1c6a7a93b5.png",
        "type": "backdrop",
        "tags": [
            "indoors",
            "music",
            "andrew rae"
        ],
        "info": [
            960,
            720,
            2
        ]
    },
    {
        "name": "Desert",
        "md5": "d98a9526a34890cf4bad11b5409eae2a.png",
        "type": "backdrop",
        "tags": [
            "desert",
            " landscape",
            " outdoors",
            " cacti"
        ],
        "info": [
            960,
            720,
            2
        ]
    },
    {
        "name": "Farm",
        "md5": "1e8a70bd07f1dcba3383883f3b948266.png",
        "type": "backdrop",
        "tags": [
            "outdoors",
            "chicken",
            "barn",
            "coup",
            "owen davey"
        ],
        "info": [
            960,
            720,
            2
        ]
    },
    {
        "name": "Field At Mit",
        "md5": "5b0a970202b464915915260c03f05455.png",
        "type": "backdrop",
        "tags": [
            "outdoors",
            "architecture"
        ],
        "info": [
            960,
            720,
            2
        ]
    },
    {
        "name": "Flowers",
        "md5": "25a6ede51a96d4e55de2ffb81ae96f8c.png",
        "type": "backdrop",
        "tags": [
            "outdoors",
            "nature"
        ],
        "info": [
            960,
            720,
            2
        ]
    },
    {
        "name": "Forest",
        "md5": "92968ac16b2f0c3f7835a6dacd172c7b.png",
        "type": "backdrop",
        "tags": [
            "outdoors",
            "forest"
        ],
        "info": [
            960,
            720,
            2
        ]
    },
    {
        "name": "Galaxy",
        "md5": "5fab1922f254ae9fd150162c3e392bef.png",
        "type": "backdrop",
        "tags": [
            "space",
            "stars",
            "nasa"
        ],
        "info": [
            960,
            720,
            2
        ]
    },
    {
        "name": "Garden-rock",
        "md5": "4f66053598bea0905e1559ab9d5a6e31.png",
        "type": "backdrop",
        "tags": [
            "outdoors",
            " garden",
            " park"
        ],
        "info": [
            960,
            720,
            2
        ]
    },
    {
        "name": "Greek Theater",
        "md5": "93d71e8b8a96cc007b8d68f36acd338a.png",
        "type": "backdrop",
        "tags": [
            "outdoors",
            "theatre"
        ],
        "info": [
            960,
            720,
            2
        ]
    },
    {
        "name": "Hall",
        "md5": "ea86ca30b346f27ca5faf1254f6a31e3.png",
        "type": "backdrop",
        "tags": [
            "indoors"
        ],
        "info": [
            960,
            720,
            2
        ]
    },
    {
        "name": "Hay Field",
        "md5": "da102a69d135973e0fc139131dec785a.png",
        "type": "backdrop",
        "tags": [
            "outdoors",
            "farm"
        ],
        "info": [
            960,
            720,
            2
        ]
    },
    {
        "name": "Hearts",
        "md5": "f98526ccb0eec3ac7d6c8f8ab502825e.svg",
        "type": "backdrop",
        "tags": [
            "patterns"
        ],
        "info": [
            480,
            360,
            1
        ]
    },
    {
        "name": "Hill",
        "md5": "2129c842f28d6881f622fdc3497ff2da.png",
        "type": "backdrop",
        "tags": [
            "outdoors",
            "nature"
        ],
        "info": [
            960,
            720,
            2
        ]
    },
    {
        "name": "Jungle",
        "md5": "f4f908da19e2753f3ed679d7b37650ca.png",
        "type": "backdrop",
        "tags": [
            "outdoors",
            "forest",
            "robert hunter"
        ],
        "info": [
            960,
            720,
            2
        ]
    },
    {
        "name": "Jurassic",
        "md5": "64025bdca5db4938f65597e3682fddcf.svg",
        "type": "backdrop",
        "tags": [
            "outdoors",
            "dinosaur",
            "alex eben meyer"
        ],
        "info": [
            480,
            360,
            1
        ]
    },
    {
        "name": "Light",
        "md5": "4b98c07876ed8997c3762e75790507b4.svg",
        "type": "backdrop",
        "tags": [
            "patterns"
        ],
        "info": [
            480,
            360,
            1
        ]
    },
    {
        "name": "Metro",
        "md5": "0b4a15ba028bf205ec051390d6ac4de7.png",
        "type": "backdrop",
        "tags": [
            "outdoors",
            "city",
            "urban"
        ],
        "info": [
            960,
            720,
            2
        ]
    },
    {
        "name": "Moon",
        "md5": "0b1d2eaf22d62ef88de80ccde5578fba.png",
        "type": "backdrop",
        "tags": [
            "space",
            "nasa",
            "apollo"
        ],
        "info": [
            960,
            720,
            2
        ]
    },
    {
        "name": "Mountain",
        "md5": "f84989feee2cf462a1c597169777ee3c.png",
        "type": "backdrop",
        "tags": [
            "outdoors",
            "snow",
            "cave",
            "robert hunter"
        ],
        "info": [
            960,
            720,
            2
        ]
    },
    {
        "name": "Mural",
        "md5": "efb625f7e0b199b15f69e116cd053cea.png",
        "type": "backdrop",
        "tags": [
            "outdoors",
            "mural",
            "graffiti",
            "street",
            "art"
        ],
        "info": [
            960,
            720,
            2
        ]
    },
    {
        "name": "Nebula",
        "md5": "9b5cdbd596da1b6149f56b794b6394f4.png",
        "type": "backdrop",
        "tags": [
            "space",
            "nasa",
            "bubble",
            "hubble"
        ],
        "info": [
            960,
            720,
            2
        ]
    },
    {
        "name": "Neon Tunnel",
        "md5": "57d2b13b2f73d3d878c72810c137b0d6.png",
        "type": "backdrop",
        "tags": [
            "games",
            "game",
            "space"
        ],
        "info": [
            960,
            720,
            2
        ]
    },
    {
        "name": "Night City",
        "md5": "6fdc795ff487204f72740567be5f64f9.png",
        "type": "backdrop",
        "tags": [
            "outdoors",
            "urban",
            "city",
            "metro"
        ],
        "info": [
            960,
            720,
            2
        ]
    },
    {
        "name": "Night City With Street",
        "md5": "14443ad7907b6479d7562a12b8ae0efb.png",
        "type": "backdrop",
        "tags": [
            "urban",
            "city",
            "metro",
            "transportation"
        ],
        "info": [
            960,
            720,
            2
        ]
    },
    {
        "name": "Party",
        "md5": "108160d0e44d1c340182e31c9dc0758a.svg",
        "type": "backdrop",
        "tags": [
            "indoors",
            "inflatable"
        ],
        "info": [
            480,
            360,
            1
        ]
    },
    {
        "name": "Pathway",
        "md5": "5d747ec036755a4b129f0d5b978bc61c.png",
        "type": "backdrop",
        "tags": [
            "outdoors",
            "garden"
        ],
        "info": [
            960,
            720,
            2
        ]
    },
    {
        "name": "Playground",
        "md5": "e5f794c8756ca0cead5cb7e7fe354c41.png",
        "type": "backdrop",
        "tags": [
            "outdoors",
            "play"
        ],
        "info": [
            960,
            720,
            2
        ]
    },
    {
        "name": "Playing Field",
        "md5": "2de108f3098e92f5c5976cf75d38e99d.png",
        "type": "backdrop",
        "tags": [
            "outdoors",
            "sports"
        ],
        "info": [
            960,
            720,
            2
        ]
    },
    {
        "name": "Pool",
        "md5": "6cab934df643d2fc508cfa90c0c4059b.png",
        "type": "backdrop",
        "tags": [
            "outdoors",
            "sports",
            "swim",
            "swimming"
        ],
        "info": [
            960,
            720,
            2
        ]
    },
    {
        "name": "Rays",
        "md5": "87e963282db9e020e8c4d075891ea12b.svg",
        "type": "backdrop",
        "tags": [
            "patterns",
            "raimondious"
        ],
        "info": [
            480,
            360,
            1
        ]
    },
    {
        "name": "Refrigerator",
        "md5": "98f053f9681e872f34fafd783ce72205.svg",
        "type": "backdrop",
        "tags": [
            "food",
            "indoors",
            "alex eben meyer"
        ],
        "info": [
            480,
            360,
            1
        ]
    },
    {
        "name": "Room 1",
        "md5": "a81668321aa3dcc0fc185d3e36ae76f6.png",
        "type": "backdrop",
        "tags": [
            "indoors",
            "books",
            "library"
        ],
        "info": [
            960,
            720,
            2
        ]
    },
    {
        "name": "Room 2",
        "md5": "05ae3e3bbea890a6e3552ffe8456775e.png",
        "type": "backdrop",
        "tags": [
            "indoors"
        ],
        "info": [
            960,
            720,
            2
        ]
    },
    {
        "name": "Savanna",
        "md5": "9b020b8c7cb6a9592f7303add9441d8f.png",
        "type": "backdrop",
        "tags": [
            "africa",
            "savanna",
            "savanah",
            "outdoors",
            "robert hunter"
        ],
        "info": [
            960,
            720,
            2
        ]
    },
    {
        "name": "School",
        "md5": "1dea69ac0f62cf538d368a7bde1372ac.png",
        "type": "backdrop",
        "tags": [
            "outdoors",
            "building",
            "education",
            "learning"
        ],
        "info": [
            960,
            720,
            2
        ]
    },
    {
        "name": "Slopes",
        "md5": "63b6a69594a0a87888b56244bfa2ac1b.png",
        "type": "backdrop",
        "tags": [
            "outdoors",
            "winter",
            "ski",
            "snowboard",
            "cold",
            "snow"
        ],
        "info": [
            960,
            720,
            2
        ]
    },
    {
        "name": "Soccer",
        "md5": "04a63154f04b09494354090f7cc2f1b9.png",
        "type": "backdrop",
        "tags": [
            "soccer",
            "football",
            "sports",
            "alex eben meyer"
        ],
        "info": [
            960,
            720,
            2
        ]
    },
    {
        "name": "Soccer 2",
        "md5": "b0dc1268cb595aaeef405bce40d1639c.png",
        "type": "backdrop",
        "tags": [
            "soccer",
            "football",
            "sports",
            "alex eben meyer"
        ],
        "info": [
            960,
            720,
            2
        ]
    },
    {
        "name": "Space",
        "md5": "84208d9a3718ec3c9fc5a32a792fa1d0.png",
        "type": "backdrop",
        "tags": [
            "space",
            "moon",
            "science fiction",
            "planet",
            "wren mcdonald"
        ],
        "info": [
            960,
            720,
            2
        ]
    },
    {
        "name": "Space City 1",
        "md5": "20344b0edcc498281e4cb80242a72667.png",
        "type": "backdrop",
        "tags": [
            "space",
            "moon",
            "science fiction",
            "planet",
            "wren mcdonald"
        ],
        "info": [
            960,
            720,
            2
        ]
    },
    {
        "name": "Space City 2",
        "md5": "32b2316fd375faa18088f6c57ebb1c8d.png",
        "type": "backdrop",
        "tags": [
            "space",
            "moon",
            "science fiction",
            "planet",
            "wren mcdonald"
        ],
        "info": [
            960,
            720,
            2
        ]
    },
    {
        "name": "Spaceship",
        "md5": "0c450891306fa63ef02aa0fda7fd0ef9.png",
        "type": "backdrop",
        "tags": [
            "space",
            "moon",
            "science fiction",
            "planet",
            "wren mcdonald"
        ],
        "info": [
            960,
            720,
            2
        ]
    },
    {
        "name": "Spotlight",
        "md5": "d26bf4c3980163d9106625cc2ea6c50d.png",
        "type": "backdrop",
        "tags": [
            "music",
            "dance"
        ],
        "info": [
            960,
            720,
            2
        ]
    },
    {
        "name": "Stars",
        "md5": "47282ff0f7047c6fab9c94b531abf721.png",
        "type": "backdrop",
        "tags": [
            "space",
            "nasa"
        ],
        "info": [
            960,
            720,
            2
        ]
    },
    {
        "name": "Stripes",
        "md5": "a6a21f5c08d586e8daaebde37c97fb6f.svg",
        "type": "backdrop",
        "tags": [
            "patterns"
        ],
        "info": [
            480,
            360,
            1
        ]
    },
    {
        "name": "Theater",
        "md5": "c2b097bc5cdb6a14ef5485202bc5ee76.png",
        "type": "backdrop",
        "tags": [
            "indoors",
            "music",
            "andrew rae"
        ],
        "info": [
            960,
            720,
            2
        ]
    },
    {
        "name": "Theater 2",
        "md5": "061a78ed83495dd0acd6d62e83e1b972.png",
        "type": "backdrop",
        "tags": [
            "music"
        ],
        "info": [
            960,
            720,
            2
        ]
    },
    {
        "name": "Tree",
        "md5": "a23fbf972001c94637b568992f8fd7bd.png",
        "type": "backdrop",
        "tags": [
            "outdoors",
            "nature"
        ],
        "info": [
            960,
            720,
            2
        ]
    },
    {
        "name": "Underwater 1",
        "md5": "d3344650f594bcecdf46aa4a9441badd.svg",
        "type": "backdrop",
        "tags": [
            "ocean",
            "outdoors",
            "underwater",
            "ipzy"
        ],
        "info": [
            480,
            360,
            1
        ]
    },
    {
        "name": "Underwater 2",
        "md5": "1517c21786d2d0edc2f3037408d850bd.png",
        "type": "backdrop",
        "tags": [
            "outdoors",
            "nature",
            "underwater"
        ],
        "info": [
            960,
            720,
            2
        ]
    },
    {
        "name": "Urban",
        "md5": "1679049718869e1f548e1e8823e29c1c.png",
        "type": "backdrop",
        "tags": [
            "outdoors",
            "city",
            "metro",
            "transportation"
        ],
        "info": [
            960,
            720,
            2
        ]
    },
    {
        "name": "Wall 1",
        "md5": "7e5327c68ff6ddabc48dbfe4717a04fe.png",
        "type": "backdrop",
        "tags": [
            "outdoors",
            "brick"
        ],
        "info": [
            960,
            720,
            2
        ]
    },
    {
        "name": "Wall 2",
        "md5": "82d867fcd9f1b5f49e29c2f853d55665.png",
        "type": "backdrop",
        "tags": [
            "outdoors",
            "brick"
        ],
        "info": [
            960,
            720,
            2
        ]
    },
    {
        "name": "Water And Rocks",
        "md5": "0015433a406a53f00b792424b823268c.png",
        "type": "backdrop",
        "tags": [
            "outdoors",
            "nature",
            "tree",
            "river",
            "stream"
        ],
        "info": [
            960,
            720,
            2
        ]
    },
    {
        "name": "Wetland",
        "md5": "ef9973bcff6d4cbc558e946028ec7d23.png",
        "type": "backdrop",
        "tags": [
            "outdoor",
            "nature",
            "swamp",
            "wetland",
            "owen davey"
        ],
        "info": [
            960,
            720,
            2
        ]
    },
    {
        "name": "Winter",
        "md5": "5fa9385a60b904672d0e46e9d768bb32.svg",
        "type": "backdrop",
        "tags": [
            "outdoors",
            "trees",
            "forest",
            "winter"
        ],
        "info": [
            480,
            360,
            1
        ]
    },
    {
        "name": "Witch House",
        "md5": "30085b2d27beb5acdbe895d8b3e64b04.svg",
        "type": "backdrop",
        "tags": [
            "fantasy",
            "indoors",
            "ipzy"
        ],
        "info": [
            480,
            360,
            1
        ]
    },
    {
        "name": "Woods",
        "md5": "f3eb165d6f3fd23370f97079f2e631bf.svg",
        "type": "backdrop",
        "tags": [
            "fantasy",
            "spooky",
            "halloween",
            "outdoors",
            "haunted",
            "forest",
            "alex eben meyer"
        ],
        "info": [
            480,
            360,
            1
        ]
    },
    {
        "name": "Woods And Bench",
        "md5": "4fcf7ed0de6c6b6e9b52c511b0650e9c.png",
        "type": "backdrop",
        "tags": [
            "outdoors",
            "park"
        ],
        "info": [
            960,
            720,
            2
        ]
    },
    {
        "name": "Xy-grid",
        "md5": "9838d02002d05f88dc54d96494fbc202.png",
        "type": "backdrop",
        "tags": [
            "grid",
            "xy",
            "coordinates"
        ],
        "info": [
            960,
            720,
            2
        ]
    },
    {
        "name": "Xy-grid-20px",
        "md5": "4eec0e1db92b8dea3e5bee25105e8f46.png",
        "type": "backdrop",
        "tags": [
            "grid",
            "xy",
            "coordinates"
        ],
        "info": [
            960,
            720,
            2
        ]
    },
    {
        "name": "Xy-grid-30px",
        "md5": "3b8bcabd0ac683b7cb3673208039764b.png",
        "type": "backdrop",
        "tags": [
            "grid",
            "xy",
            "coordinates"
        ],
        "info": [
            960,
            720,
            2
        ]
    }
]