[
    {
        "name": "A Bass",
        "md5": "c04ebf21e5e19342fa1535e4efcdb43b.wav",
        "sampleCount": 56320,
        "rate": 44100,
        "format": "",
        "tags": [
            "music",
            "instruments",
            "notes"
        ]
    },
    {
        "name": "A Elec Bass",
        "md5": "5cb46ddd903fc2c9976ff881df9273c9.wav",
        "sampleCount": 11840,
        "rate": 44100,
        "format": "",
        "tags": [
            "music",
            "instruments",
            "notes"
        ]
    },
    {
        "name": "A Elec Guitar",
        "md5": "fa5f7fea601e9368dd68449d9a54c995.wav",
        "sampleCount": 88200,
        "rate": 44100,
        "format": "",
        "tags": [
            "music",
            "instruments",
            "notes"
        ]
    },
    {
        "name": "A Elec Piano",
        "md5": "0cfa8e84d6a5cd63afa31d541625a9ef.wav",
        "sampleCount": 88200,
        "rate": 44100,
        "format": "",
        "tags": [
            "music",
            "note",
            "piano",
            "keyboard"
        ]
    },
    {
        "name": "A Guitar",
        "md5": "ee753e87d212d4b2fb650ca660f1e839.wav",
        "sampleCount": 63744,
        "rate": 44100,
        "format": "",
        "tags": [
            "music",
            "instruments",
            "notes"
        ]
    },
    {
        "name": "A Minor Ukulele",
        "md5": "69d25af0fd065da39c71439174efc589.wav",
        "sampleCount": 36534,
        "rate": 44100,
        "format": "",
        "tags": [
            "music",
            "instruments",
            "notes",
            "chords"
        ]
    },
    {
        "name": "A Piano",
        "md5": "0727959edb2ea0525feed9b0c816991c.wav",
        "sampleCount": 88200,
        "rate": 44100,
        "format": "",
        "tags": [
            "music",
            "instruments",
            "notes"
        ]
    },
    {
        "name": "A Sax",
        "md5": "420991e0d6d99292c6d736963842536a.wav",
        "sampleCount": 12944,
        "rate": 44100,
        "format": "",
        "tags": [
            "music",
            "instruments",
            "notes"
        ]
    },
    {
        "name": "A Trombone",
        "md5": "863ccc8ba66e6dabbce2a1261c22be0f.wav",
        "sampleCount": 17273,
        "rate": 22050,
        "format": "adpcm",
        "tags": [
            "music",
            "instruments",
            "notes"
        ]
    },
    {
        "name": "A Trumpet",
        "md5": "d2dd6b4372ca17411965dc92d52b2172.wav",
        "sampleCount": 27822,
        "rate": 44100,
        "format": "",
        "tags": [
            "music",
            "instruments",
            "notes"
        ]
    },
    {
        "name": "Afro String",
        "md5": "3477ccfde26047eeb93ff43a21ac7d3d.wav",
        "sampleCount": 39228,
        "rate": 44100,
        "format": "",
        "tags": []
    },
    {
        "name": "Alert",
        "md5": "f62e3bfccab9c23eee781473c94a009c.wav",
        "sampleCount": 22353,
        "rate": 22050,
        "format": "adpcm",
        "tags": [
            "effects",
            "electronic",
            "games",
            "space"
        ]
    },
    {
        "name": "Alien Creak1",
        "md5": "0377a7476136e5e8c780c64a4828922d.wav",
        "sampleCount": 32180,
        "rate": 44100,
        "format": "",
        "tags": [
            "effects",
            "space"
        ]
    },
    {
        "name": "Alien Creak2",
        "md5": "21f82b7f1a83c501539c5031aea4fa8c.wav",
        "sampleCount": 33200,
        "rate": 44100,
        "format": "",
        "tags": [
            "effects",
            "space"
        ]
    },
    {
        "name": "B Bass",
        "md5": "e31dcaf7bcdf58ac2a26533c48936c45.wav",
        "sampleCount": 51584,
        "rate": 44100,
        "format": "",
        "tags": [
            "music",
            "instruments",
            "notes"
        ]
    },
    {
        "name": "B Elec Bass",
        "md5": "5a0701d0a914223b5288300ac94e90e4.wav",
        "sampleCount": 12416,
        "rate": 44100,
        "format": "",
        "tags": [
            "music",
            "instruments",
            "notes"
        ]
    },
    {
        "name": "B Elec Guitar",
        "md5": "81f142d0b00189703d7fe9b1f13f6f87.wav",
        "sampleCount": 88200,
        "rate": 44100,
        "format": "",
        "tags": [
            "music",
            "instruments",
            "notes"
        ]
    },
    {
        "name": "B Elec Piano",
        "md5": "9cc77167419f228503dd57fddaa5b2a6.wav",
        "sampleCount": 88200,
        "rate": 44100,
        "format": "",
        "tags": [
            "music",
            "note",
            "piano",
            "keyboard"
        ]
    },
    {
        "name": "B Guitar",
        "md5": "2ae2d67de62df8ca54d638b4ad2466c3.wav",
        "sampleCount": 59008,
        "rate": 44100,
        "format": "",
        "tags": [
            "music",
            "instruments",
            "notes"
        ]
    },
    {
        "name": "B Piano",
        "md5": "86826c6022a46370ed1afae69f1ab1b9.wav",
        "sampleCount": 88200,
        "rate": 44100,
        "format": "",
        "tags": [
            "music",
            "instruments",
            "notes"
        ]
    },
    {
        "name": "B Sax",
        "md5": "653ebe92d491b49ad5d8101d629f567b.wav",
        "sampleCount": 19110,
        "rate": 44100,
        "format": "",
        "tags": [
            "music",
            "instruments",
            "notes"
        ]
    },
    {
        "name": "B Trombone",
        "md5": "85b663229525b73d9f6647f78eb23e0a.wav",
        "sampleCount": 31044,
        "rate": 44100,
        "format": "",
        "tags": [
            "music",
            "instruments",
            "notes"
        ]
    },
    {
        "name": "B Trumpet",
        "md5": "cad2bc57729942ed9b605145fc9ea65d.wav",
        "sampleCount": 29408,
        "rate": 44100,
        "format": "",
        "tags": [
            "music",
            "instruments",
            "notes"
        ]
    },
    {
        "name": "Baa",
        "md5": "ca694053020e42704bcf1fc01a70f1c3.wav",
        "sampleCount": 42673,
        "rate": 22050,
        "format": "adpcm",
        "tags": [
            "animals",
            "sheep"
        ]
    },
    {
        "name": "Bark",
        "md5": "cd8fa8390b0efdd281882533fbfcfcfb.wav",
        "sampleCount": 6336,
        "rate": 44100,
        "format": "",
        "tags": []
    },
    {
        "name": "Basketball Bounce",
        "md5": "1727f65b5f22d151685b8e5917456a60.wav",
        "sampleCount": 8129,
        "rate": 22050,
        "format": "adpcm",
        "tags": [
            "sports",
            "effects"
        ]
    },
    {
        "name": "Bass Beatbox",
        "md5": "28153621d293c86da0b246d314458faf.wav",
        "sampleCount": 13440,
        "rate": 44100,
        "format": "",
        "tags": []
    },
    {
        "name": "Beat Box1",
        "md5": "663270af0235bf14c890ba184631675f.wav",
        "sampleCount": 22916,
        "rate": 44100,
        "format": "",
        "tags": [
            "music",
            "human",
            "voice",
            "hiphop"
        ]
    },
    {
        "name": "Beat Box2",
        "md5": "b9b8073f6aa9a60085ad11b0341a4af2.wav",
        "sampleCount": 22916,
        "rate": 44100,
        "format": "",
        "tags": [
            "music",
            "human",
            "voice",
            "hiphop"
        ]
    },
    {
        "name": "Bell Cymbal",
        "md5": "efddec047de95492f775a1b5b2e8d19e.wav",
        "sampleCount": 38656,
        "rate": 44100,
        "format": "",
        "tags": []
    },
    {
        "name": "Bell Toll",
        "md5": "25d61e79cbeba4041eebeaebd7bf9598.wav",
        "sampleCount": 180672,
        "rate": 44100,
        "format": "",
        "tags": [
            "effects",
            "dramatic"
        ]
    },
    {
        "name": "Big Boing",
        "md5": "00d6e72ef8bf7088233e98fbcee0ec6d.wav",
        "sampleCount": 18289,
        "rate": 22050,
        "format": "adpcm",
        "tags": [
            "wacky",
            "effects",
            "cartoon"
        ]
    },
    {
        "name": "Bird",
        "md5": "18bd4b634a3f992a16b30344c7d810e0.wav",
        "sampleCount": 15360,
        "rate": 44100,
        "format": "",
        "tags": []
    },
    {
        "name": "Birthday",
        "md5": "89691587a169d935a58c48c3d4e78534.wav",
        "sampleCount": 322816,
        "rate": 44100,
        "format": "",
        "tags": []
    },
    {
        "name": "Bite",
        "md5": "0039635b1d6853face36581784558454.wav",
        "sampleCount": 8129,
        "rate": 22050,
        "format": "adpcm",
        "tags": [
            "wacky",
            "effects",
            "human"
        ]
    },
    {
        "name": "Boing",
        "md5": "53a3c2e27d1fb5fdb14aaf0cb41e7889.wav",
        "sampleCount": 7113,
        "rate": 22050,
        "format": "adpcm",
        "tags": [
            "effects"
        ]
    },
    {
        "name": "Bonk",
        "md5": "dd93f7835a407d4de5b2512ec4a6a806.wav",
        "sampleCount": 14225,
        "rate": 22050,
        "format": "adpcm",
        "tags": [
            "wacky",
            "effects",
            "cartoon"
        ]
    },
    {
        "name": "Boom Cloud",
        "md5": "62d87dfb0f873735e59669d965bdbd7d.wav",
        "sampleCount": 88393,
        "rate": 22050,
        "format": "adpcm",
        "tags": [
            "effects",
            "games",
            "space",
            "dramatic"
        ]
    },
    {
        "name": "Boop Bing Bop",
        "md5": "66968153be7dce9e5abf62d627ffe40f.wav",
        "sampleCount": 55881,
        "rate": 22050,
        "format": "adpcm",
        "tags": [
            "wacky",
            "effects",
            "cartoon"
        ]
    },
    {
        "name": "Bossa Nova",
        "md5": "04ccc72f32e909292adcaf40348be5f3.wav",
        "sampleCount": 137161,
        "rate": 22050,
        "format": "adpcm",
        "tags": [
            "loops",
            "music",
            "latin"
        ]
    },
    {
        "name": "Bowling Strike",
        "md5": "32f3af03ddfbd9cc89c8565678a26813.wav",
        "sampleCount": 27433,
        "rate": 22050,
        "format": "adpcm",
        "tags": [
            "sports",
            "effects"
        ]
    },
    {
        "name": "Bubbles",
        "md5": "78b0be9c9c2f664158b886bc7e794095.wav",
        "sampleCount": 180224,
        "rate": 44100,
        "format": "",
        "tags": []
    },
    {
        "name": "Buzz Whir",
        "md5": "d4f76ded6bccd765958d15b63804de55.wav",
        "sampleCount": 36148,
        "rate": 44100,
        "format": "",
        "tags": []
    },
    {
        "name": "C Bass",
        "md5": "c3566ec797b483acde28f790994cc409.wav",
        "sampleCount": 89216,
        "rate": 44100,
        "format": "",
        "tags": [
            "music",
            "instruments",
            "notes"
        ]
    },
    {
        "name": "C Elec Bass",
        "md5": "69eee3d038ea0f1c34ec9156a789236d.wav",
        "sampleCount": 10432,
        "rate": 44100,
        "format": "",
        "tags": [
            "music",
            "instruments",
            "notes"
        ]
    },
    {
        "name": "C Elec Guitar",
        "md5": "0d340de02e14bebaf8dfa0e43eb3f1f9.wav",
        "sampleCount": 88200,
        "rate": 44100,
        "format": "",
        "tags": [
            "music",
            "instruments",
            "notes"
        ]
    },
    {
        "name": "C Elec Piano",
        "md5": "8366ee963cc57ad24a8a35a26f722c2b.wav",
        "sampleCount": 88200,
        "rate": 44100,
        "format": "",
        "tags": [
            "music",
            "note",
            "piano",
            "keyboard"
        ]
    },
    {
        "name": "C Guitar",
        "md5": "22baa07795a9a524614075cdea543793.wav",
        "sampleCount": 89728,
        "rate": 44100,
        "format": "",
        "tags": [
            "music",
            "instruments",
            "notes"
        ]
    },
    {
        "name": "C Major Ukulele",
        "md5": "aa2ca112507b59b5337f341aaa75fb08.wav",
        "sampleCount": 36406,
        "rate": 44100,
        "format": "",
        "tags": [
            "music",
            "instruments",
            "notes",
            "chords"
        ]
    },
    {
        "name": "C Piano",
        "md5": "d27ed8d953fe8f03c00f4d733d31d2cc.wav",
        "sampleCount": 88200,
        "rate": 44100,
        "format": "",
        "tags": [
            "music",
            "instruments",
            "notes"
        ]
    },
    {
        "name": "C Sax",
        "md5": "4d2c939d6953b5f241a27a62cf72de64.wav",
        "sampleCount": 18982,
        "rate": 44100,
        "format": "",
        "tags": [
            "music",
            "instruments",
            "notes"
        ]
    },
    {
        "name": "C Trombone",
        "md5": "821b23a489201a0f21f47ba8528ba47f.wav",
        "sampleCount": 38106,
        "rate": 44100,
        "format": "",
        "tags": [
            "music",
            "instruments",
            "notes"
        ]
    },
    {
        "name": "C Trumpet",
        "md5": "8970afcdc4e47bb54959a81fe27522bd.wav",
        "sampleCount": 26236,
        "rate": 44100,
        "format": "",
        "tags": [
            "music",
            "instruments",
            "notes"
        ]
    },
    {
        "name": "C2 Bass",
        "md5": "667d6c527b79321d398e85b526f15b99.wav",
        "sampleCount": 48256,
        "rate": 44100,
        "format": "",
        "tags": [
            "music",
            "instruments",
            "notes"
        ]
    },
    {
        "name": "C2 Elec Bass",
        "md5": "56fc995b8860e713c5948ecd1c2ae572.wav",
        "sampleCount": 11584,
        "rate": 44100,
        "format": "",
        "tags": [
            "music",
            "instruments",
            "notes"
        ]
    },
    {
        "name": "C2 Elec Guitar",
        "md5": "3a8ed3129f22cba5b0810bc030d16b5f.wav",
        "sampleCount": 88200,
        "rate": 44100,
        "format": "",
        "tags": [
            "music",
            "instruments",
            "notes"
        ]
    },
    {
        "name": "C2 Elec Piano",
        "md5": "366c7edbd4dd5cca68bf62902999bd66.wav",
        "sampleCount": 88200,
        "rate": 44100,
        "format": "",
        "tags": [
            "music",
            "note",
            "piano",
            "keyboard"
        ]
    },
    {
        "name": "C2 Guitar",
        "md5": "c8d2851bd99d8e0ce6c1f05e4acc7f34.wav",
        "sampleCount": 55424,
        "rate": 44100,
        "format": "",
        "tags": []
    },
    {
        "name": "C2 Piano",
        "md5": "75d7d2c9b5d40dd4e1cb268111abf1a2.wav",
        "sampleCount": 88200,
        "rate": 44100,
        "format": "",
        "tags": [
            "music",
            "instruments",
            "notes"
        ]
    },
    {
        "name": "C2 Sax",
        "md5": "ea8d34b18c3d8fe328cea201666458bf.wav",
        "sampleCount": 8129,
        "rate": 22050,
        "format": "adpcm",
        "tags": [
            "music",
            "instruments",
            "notes"
        ]
    },
    {
        "name": "C2 Trombone",
        "md5": "68aec107bd3633b2ee40c532eedc3897.wav",
        "sampleCount": 27808,
        "rate": 44100,
        "format": "",
        "tags": [
            "music",
            "instruments",
            "notes"
        ]
    },
    {
        "name": "C2 Trumpet",
        "md5": "df08249ed5446cc5e10b7ac62faac89b.wav",
        "sampleCount": 31698,
        "rate": 44100,
        "format": "",
        "tags": [
            "music",
            "instruments",
            "notes"
        ]
    },
    {
        "name": "Car Horn",
        "md5": "7c887f6a2ecd1cdb85d5527898d7f7a0.wav",
        "sampleCount": 42673,
        "rate": 22050,
        "format": "adpcm",
        "tags": [
            "effects",
            "transportation"
        ]
    },
    {
        "name": "Car Passing",
        "md5": "c21a5ad00b40b5ce923e56c905c94a9f.wav",
        "sampleCount": 339968,
        "rate": 44100,
        "format": "",
        "tags": [
            "transportation",
            "ambience",
            "background"
        ]
    },
    {
        "name": "Car Vroom",
        "md5": "ead1da4a87ff6cb53441142f7ac37b8f.wav",
        "sampleCount": 43689,
        "rate": 22050,
        "format": "adpcm",
        "tags": [
            "sports",
            "transportation"
        ]
    },
    {
        "name": "Cave",
        "md5": "881f1bf5f301a36efcce4204a44af9ab.wav",
        "sampleCount": 163577,
        "rate": 22050,
        "format": "adpcm",
        "tags": [
            "music",
            "loops"
        ]
    },
    {
        "name": "Chatter",
        "md5": "fd8543abeeba255072da239223d2d342.wav",
        "sampleCount": 26417,
        "rate": 22050,
        "format": "adpcm",
        "tags": [
            "animals",
            "squirrel",
            "chipmunk"
        ]
    },
    {
        "name": "Chee Chee",
        "md5": "25f4826cdd61e0a1c623ec2324c16ca0.wav",
        "sampleCount": 69120,
        "rate": 44100,
        "format": "",
        "tags": [
            "animals",
            "monkey"
        ]
    },
    {
        "name": "Cheer",
        "md5": "170e05c29d50918ae0b482c2955768c0.wav",
        "sampleCount": 109729,
        "rate": 22050,
        "format": "adpcm",
        "tags": [
            "sports",
            "human",
            "voice"
        ]
    },
    {
        "name": "Chill",
        "md5": "c4e9e84fd9244ca43986c2bdb6669ae8.wav",
        "sampleCount": 352800,
        "rate": 44100,
        "format": "",
        "tags": [
            "loops",
            "music",
            "electronic",
            "chill"
        ]
    },
    {
        "name": "Chirp",
        "md5": "3b8236bbb288019d93ae38362e865972.wav",
        "sampleCount": 6097,
        "rate": 22050,
        "format": "adpcm",
        "tags": [
            "animals",
            "bird"
        ]
    },
    {
        "name": "Chomp",
        "md5": "0b1e3033140d094563248e61de4039e5.wav",
        "sampleCount": 11648,
        "rate": 44100,
        "format": "",
        "tags": [
            "effects",
            "human"
        ]
    },
    {
        "name": "Chord",
        "md5": "7ffe91cce06c5415df53610d173336e7.wav",
        "sampleCount": 82432,
        "rate": 44100,
        "format": "",
        "tags": [
            "music",
            "electronic"
        ]
    },
    {
        "name": "Clang",
        "md5": "4102d78dc98ae81448b140f35fd73e80.wav",
        "sampleCount": 27433,
        "rate": 22050,
        "format": "adpcm",
        "tags": [
            "effects",
            "games"
        ]
    },
    {
        "name": "Clap Beatbox",
        "md5": "abc70bb390f8e55f22f32265500d814a.wav",
        "sampleCount": 8448,
        "rate": 44100,
        "format": "",
        "tags": []
    },
    {
        "name": "Clapping",
        "md5": "684ffae7bc3a65e35e9f0aaf7a579dd5.wav",
        "sampleCount": 168320,
        "rate": 44100,
        "format": "",
        "tags": [
            "human"
        ]
    },
    {
        "name": "Classical Piano",
        "md5": "646ea2f42ab04b54f1359ccfac958561.wav",
        "sampleCount": 305748,
        "rate": 44100,
        "format": "",
        "tags": [
            "loops",
            "music",
            "classical",
            "bach"
        ]
    },
    {
        "name": "Clock Ticking",
        "md5": "a634fcb87894520edbd7a534d1479ec4.wav",
        "sampleCount": 109729,
        "rate": 22050,
        "format": "adpcm",
        "tags": [
            "effects",
            "home"
        ]
    },
    {
        "name": "Clown Honk",
        "md5": "ec66961f188e9b8a9c75771db744d096.wav",
        "sampleCount": 9145,
        "rate": 22050,
        "format": "adpcm",
        "tags": [
            "wacky",
            "horn"
        ]
    },
    {
        "name": "Coin",
        "md5": "1f81d88fb419084f4d82ffb859b94ed6.wav",
        "sampleCount": 4065,
        "rate": 22050,
        "format": "adpcm",
        "tags": [
            "effects",
            "electronic",
            "games"
        ]
    },
    {
        "name": "Collect",
        "md5": "32514c51e03db680e9c63857b840ae78.wav",
        "sampleCount": 14225,
        "rate": 22050,
        "format": "adpcm",
        "tags": [
            "effects",
            "electronic",
            "games"
        ]
    },
    {
        "name": "Computer Beep",
        "md5": "28c76b6bebd04be1383fe9ba4933d263.wav",
        "sampleCount": 38144,
        "rate": 44100,
        "format": "",
        "tags": []
    },
    {
        "name": "Computer Beep2",
        "md5": "1da43f6d52d0615da8a250e28100a80d.wav",
        "sampleCount": 76800,
        "rate": 44100,
        "format": "",
        "tags": [
            "effects",
            "electronic"
        ]
    },
    {
        "name": "Connect",
        "md5": "9aad12085708ccd279297d4bea9c5ae0.wav",
        "sampleCount": 23369,
        "rate": 22050,
        "format": "adpcm",
        "tags": [
            "effects",
            "electronic",
            "games"
        ]
    },
    {
        "name": "Cough1",
        "md5": "98ec3e1eeb7893fca519aa52cc1ef3c1.wav",
        "sampleCount": 30064,
        "rate": 44100,
        "format": "",
        "tags": [
            "human"
        ]
    },
    {
        "name": "Cough2",
        "md5": "467fe8ef3cab475af4b3088fd1261510.wav",
        "sampleCount": 33224,
        "rate": 44100,
        "format": "",
        "tags": [
            "human"
        ]
    },
    {
        "name": "Crank",
        "md5": "a54f8ce520a0b9fff3cd53817e280ede.wav",
        "sampleCount": 100585,
        "rate": 22050,
        "format": "adpcm",
        "tags": [
            "effects"
        ]
    },
    {
        "name": "Crash Beatbox",
        "md5": "725e29369e9138a43f11e0e5eb3eb562.wav",
        "sampleCount": 53766,
        "rate": 44100,
        "format": "",
        "tags": []
    },
    {
        "name": "Crash Cymbal",
        "md5": "f2c47a46f614f467a7ac802ed9ec3d8e.wav",
        "sampleCount": 50440,
        "rate": 44100,
        "format": "",
        "tags": []
    },
    {
        "name": "Crazy Laugh",
        "md5": "2293a751b71a2df8cdce1bec5558cc1e.wav",
        "sampleCount": 37593,
        "rate": 22050,
        "format": "adpcm",
        "tags": [
            "human",
            "cartoon",
            "voice"
        ]
    },
    {
        "name": "Cricket",
        "md5": "a2b3cac37065c109aac17ed46005445e.wav",
        "sampleCount": 7346,
        "rate": 44100,
        "format": "",
        "tags": [
            "animals",
            "insects",
            "bugs"
        ]
    },
    {
        "name": "Crickets",
        "md5": "cae6206eb3c57bb8c4b3e2ca362dfa6d.wav",
        "sampleCount": 184320,
        "rate": 44100,
        "format": "",
        "tags": [
            "animals",
            "insects",
            "bugs",
            "ambience",
            "background"
        ]
    },
    {
        "name": "Croak",
        "md5": "c6ce0aadb89903a43f76fc20ea57633e.wav",
        "sampleCount": 7113,
        "rate": 22050,
        "format": "adpcm",
        "tags": [
            "animals",
            "frog",
            "toad"
        ]
    },
    {
        "name": "Crowd Gasp",
        "md5": "0eaf773c9d1b06e801e7b5fd56298801.wav",
        "sampleCount": 27433,
        "rate": 22050,
        "format": "adpcm",
        "tags": [
            "voice",
            "human"
        ]
    },
    {
        "name": "Crowd Laugh",
        "md5": "f4942ab2532087118e11b0c4d4e0e342.wav",
        "sampleCount": 92457,
        "rate": 22050,
        "format": "adpcm",
        "tags": [
            "voice",
            "human"
        ]
    },
    {
        "name": "Crunch",
        "md5": "cac3341417949acc66781308a254529c.wav",
        "sampleCount": 5081,
        "rate": 22050,
        "format": "adpcm",
        "tags": [
            "effects",
            "electronic",
            "games"
        ]
    },
    {
        "name": "Cymbal",
        "md5": "7c5405a9cf561f65a941aff10e661593.wav",
        "sampleCount": 24385,
        "rate": 22050,
        "format": "adpcm",
        "tags": [
            "music",
            "percussion",
            "electronic"
        ]
    },
    {
        "name": "Cymbal Crash",
        "md5": "fa2c9da1d4fd70207ab749851853cb50.wav",
        "sampleCount": 50438,
        "rate": 44100,
        "format": "",
        "tags": [
            "music",
            "percussion"
        ]
    },
    {
        "name": "Cymbal Echo",
        "md5": "bb243badd1201b2607bf2513df10cd97.wav",
        "sampleCount": 88652,
        "rate": 44100,
        "format": "",
        "tags": [
            "music",
            "loops",
            "hiphop"
        ]
    },
    {
        "name": "D Bass",
        "md5": "5a3ae8a2665f50fdc38cc301fbac79ba.wav",
        "sampleCount": 80384,
        "rate": 44100,
        "format": "",
        "tags": [
            "music",
            "instruments",
            "notes"
        ]
    },
    {
        "name": "D Elec Bass",
        "md5": "67a6d1aa68233a2fa641aee88c7f051f.wav",
        "sampleCount": 11136,
        "rate": 44100,
        "format": "",
        "tags": [
            "music",
            "instruments",
            "notes"
        ]
    },
    {
        "name": "D Elec Guitar",
        "md5": "1b5de9866801eb2f9d4f57c7c3b473f5.wav",
        "sampleCount": 88200,
        "rate": 44100,
        "format": "",
        "tags": [
            "music",
            "instruments",
            "notes"
        ]
    },
    {
        "name": "D Elec Piano",
        "md5": "835f136ca8d346a17b4d4baf8405be37.wav",
        "sampleCount": 88200,
        "rate": 44100,
        "format": "",
        "tags": [
            "music",
            "note",
            "piano",
            "keyboard"
        ]
    },
    {
        "name": "D Guitar",
        "md5": "2dbcfae6a55738f94bbb40aa5fcbf7ce.wav",
        "sampleCount": 82240,
        "rate": 44100,
        "format": "",
        "tags": [
            "music",
            "instruments",
            "notes"
        ]
    },
    {
        "name": "D Piano",
        "md5": "51381ac422605ee8c7d64cfcbfd75efc.wav",
        "sampleCount": 88200,
        "rate": 44100,
        "format": "",
        "tags": [
            "music",
            "instruments",
            "notes"
        ]
    },
    {
        "name": "D Sax",
        "md5": "39f41954a73c0e15d842061e1a4c5e1d.wav",
        "sampleCount": 19110,
        "rate": 44100,
        "format": "",
        "tags": [
            "music",
            "instruments",
            "notes"
        ]
    },
    {
        "name": "D Trombone",
        "md5": "f3afca380ba74372d611d3f518c2f35b.wav",
        "sampleCount": 34678,
        "rate": 44100,
        "format": "",
        "tags": [
            "music",
            "instruments",
            "notes"
        ]
    },
    {
        "name": "D Trumpet",
        "md5": "0b1345b8fe2ba3076fedb4f3ae48748a.wav",
        "sampleCount": 25404,
        "rate": 44100,
        "format": "",
        "tags": [
            "music",
            "instruments",
            "notes"
        ]
    },
    {
        "name": "Dance Around",
        "md5": "8bcea76415eaf98ec1cbc3825845b934.wav",
        "sampleCount": 343409,
        "rate": 22050,
        "format": "adpcm",
        "tags": [
            "music",
            "electronic",
            "loops"
        ]
    },
    {
        "name": "Dance Celebrate",
        "md5": "0edb8fb88af19e6e17d0f8cf64c1d136.wav",
        "sampleCount": 176785,
        "rate": 22050,
        "format": "adpcm",
        "tags": [
            "music",
            "loops",
            "electronic"
        ]
    },
    {
        "name": "Dance Chill Out",
        "md5": "b235da45581b1f212c9e9cce70d2a2dc.wav",
        "sampleCount": 223521,
        "rate": 22050,
        "format": "adpcm",
        "tags": [
            "music",
            "electronic",
            "loops"
        ]
    },
    {
        "name": "Dance Energetic",
        "md5": "e213e09ed852c621ba87cde7f95eec79.wav",
        "sampleCount": 352800,
        "rate": 44100,
        "format": "",
        "tags": [
            "loops",
            "music",
            "electronic",
            "EDM"
        ]
    },
    {
        "name": "Dance Funky",
        "md5": "a8383eaddc02d33714dc5832c02ccf13.wav",
        "sampleCount": 111761,
        "rate": 22050,
        "format": "adpcm",
        "tags": [
            "music",
            "electronic",
            "loops"
        ]
    },
    {
        "name": "Dance Head Nod",
        "md5": "65e8a47d55df3f4cb17722959f6220db.wav",
        "sampleCount": 124969,
        "rate": 22050,
        "format": "adpcm",
        "tags": [
            "music",
            "electronic",
            "loops"
        ]
    },
    {
        "name": "Dance Magic",
        "md5": "042309f190183383c0b1c1fc3edc2e84.wav",
        "sampleCount": 187961,
        "rate": 22050,
        "format": "adpcm",
        "tags": [
            "music",
            "electronic",
            "loops"
        ]
    },
    {
        "name": "Dance Sitar",
        "md5": "c4e893b927524ffd669898f69d096fd8.wav",
        "sampleCount": 110745,
        "rate": 22050,
        "format": "adpcm",
        "tags": [
            "loops",
            "music",
            "india",
            "tabla"
        ]
    },
    {
        "name": "Dance Slow Mo",
        "md5": "329ee6f3418c0a569418e102e620edf0.wav",
        "sampleCount": 446025,
        "rate": 22050,
        "format": "adpcm",
        "tags": [
            "music",
            "electronic",
            "loops"
        ]
    },
    {
        "name": "Dance Snare Beat",
        "md5": "562587bdb75e3a8124cdaa46ba0f648b.wav",
        "sampleCount": 176785,
        "rate": 22050,
        "format": "adpcm",
        "tags": [
            "music",
            "electronic",
            "loops"
        ]
    },
    {
        "name": "Dance Space",
        "md5": "e15333f5ffaf08e145ace1610fccd67d.wav",
        "sampleCount": 88393,
        "rate": 22050,
        "format": "adpcm",
        "tags": [
            "music",
            "electronic",
            "loops"
        ]
    },
    {
        "name": "Disconnect",
        "md5": "56df0714ed1ed455a2befd787a077214.wav",
        "sampleCount": 28449,
        "rate": 22050,
        "format": "adpcm",
        "tags": [
            "effects",
            "electronic",
            "games"
        ]
    },
    {
        "name": "Dog1",
        "md5": "b15adefc3c12f758b6dc6a045362532f.wav",
        "sampleCount": 7344,
        "rate": 44100,
        "format": "",
        "tags": [
            "animals"
        ]
    },
    {
        "name": "Dog2",
        "md5": "cd8fa8390b0efdd281882533fbfcfcfb.wav",
        "sampleCount": 6336,
        "rate": 44100,
        "format": "",
        "tags": [
            "animals"
        ]
    },
    {
        "name": "Door Closing",
        "md5": "d8c78c6c272cca91342435ff543c1274.wav",
        "sampleCount": 8129,
        "rate": 22050,
        "format": "adpcm",
        "tags": [
            "effects",
            "home"
        ]
    },
    {
        "name": "Door Creak",
        "md5": "56985da9c052a5e26007c99aa5a958f7.wav",
        "sampleCount": 217088,
        "rate": 44100,
        "format": "",
        "tags": [
            "effects",
            "home"
        ]
    },
    {
        "name": "Doorbell",
        "md5": "b67db6ed07f882e52a9ef4dbb76f5f64.wav",
        "sampleCount": 109729,
        "rate": 22050,
        "format": "adpcm",
        "tags": [
            "effects",
            "home"
        ]
    },
    {
        "name": "Drip Drop",
        "md5": "3249e61fa135d0a1d68ff515ba3bd92f.wav",
        "sampleCount": 62993,
        "rate": 22050,
        "format": "adpcm",
        "tags": [
            "music",
            "electronic",
            "loops"
        ]
    },
    {
        "name": "Drive Around",
        "md5": "a3a85fb8564b0266f50a9c091087b7aa.wav",
        "sampleCount": 88192,
        "rate": 44100,
        "format": "",
        "tags": [
            "music",
            "loops",
            "electronic"
        ]
    },
    {
        "name": "Drum",
        "md5": "f730246174873cd4ae4127c83e475b50.wav",
        "sampleCount": 107697,
        "rate": 22050,
        "format": "adpcm",
        "tags": [
            "music",
            "percussion",
            "loops",
            "hiphop",
            "jazz"
        ]
    },
    {
        "name": "Drum Bass1",
        "md5": "48328c874353617451e4c7902cc82817.wav",
        "sampleCount": 13056,
        "rate": 44100,
        "format": "",
        "tags": []
    },
    {
        "name": "Drum Bass2",
        "md5": "711a1270d1cf2e5de9b145ee539213e4.wav",
        "sampleCount": 4065,
        "rate": 22050,
        "format": "adpcm",
        "tags": []
    },
    {
        "name": "Drum Bass3",
        "md5": "c21704337b16359ea631b5f8eb48f765.wav",
        "sampleCount": 17152,
        "rate": 44100,
        "format": "",
        "tags": []
    },
    {
        "name": "Drum Boing",
        "md5": "5f4216970527d5a2e259758ba12e6a1b.wav",
        "sampleCount": 19305,
        "rate": 22050,
        "format": "adpcm",
        "tags": [
            "effects",
            "wacky",
            "cartoon",
            "percussion"
        ]
    },
    {
        "name": "Drum Buzz",
        "md5": "3650dc4262bcc5010c0d8fa8d7c670cf.wav",
        "sampleCount": 22968,
        "rate": 44100,
        "format": "",
        "tags": [
            "music",
            "electronic",
            "percussion"
        ]
    },
    {
        "name": "Drum Funky",
        "md5": "fb56022366d21b299cbc3fd5e16000c2.wav",
        "sampleCount": 44705,
        "rate": 22050,
        "format": "adpcm",
        "tags": [
            "music",
            "loops",
            "hiphop"
        ]
    },
    {
        "name": "Drum Jam",
        "md5": "8b5486ccc806e97e83049d25b071f7e4.wav",
        "sampleCount": 88576,
        "rate": 44100,
        "format": "",
        "tags": [
            "music",
            "loops",
            "percussion"
        ]
    },
    {
        "name": "Drum Machine",
        "md5": "f9d53d773b42e16df3dfca6174015592.wav",
        "sampleCount": 106681,
        "rate": 22050,
        "format": "adpcm",
        "tags": [
            "music",
            "electronic",
            "loops"
        ]
    },
    {
        "name": "Drum Roll",
        "md5": "fb12e119d7a88a7f75ab980243f75073.wav",
        "sampleCount": 38609,
        "rate": 22050,
        "format": "adpcm",
        "tags": [
            "wacky",
            "percussion"
        ]
    },
    {
        "name": "Drum Satellite",
        "md5": "079067d7909f791b29f8be1c00fc2131.wav",
        "sampleCount": 88192,
        "rate": 44100,
        "format": "",
        "tags": [
            "music",
            "loops",
            "percussion"
        ]
    },
    {
        "name": "Drum Set1",
        "md5": "38a2bb8129bddb4e8eaa06781cfa3040.wav",
        "sampleCount": 46737,
        "rate": 22050,
        "format": "adpcm",
        "tags": [
            "music",
            "percussion",
            "jazz",
            "loops"
        ]
    },
    {
        "name": "Drum Set2",
        "md5": "738e871fda577295e8beb9021f670e28.wav",
        "sampleCount": 37593,
        "rate": 22050,
        "format": "adpcm",
        "tags": [
            "music",
            "percussion",
            "jazz",
            "loops"
        ]
    },
    {
        "name": "Dubstep",
        "md5": "906af1e30f19a919d203b2eb307e04ac.wav",
        "sampleCount": 151385,
        "rate": 22050,
        "format": "adpcm",
        "tags": [
            "loops",
            "music",
            "electronic",
            "EDM"
        ]
    },
    {
        "name": "Duck",
        "md5": "af5b039e1b05e0ccb12944f648a8884e.wav",
        "sampleCount": 11584,
        "rate": 44100,
        "format": "",
        "tags": [
            "animals"
        ]
    },
    {
        "name": "Dun Dun Dunnn",
        "md5": "e956a99ab9ac64cfb5c6b2d8b1e949eb.wav",
        "sampleCount": 64009,
        "rate": 22050,
        "format": "adpcm",
        "tags": [
            "effects",
            "surprise",
            "wacky",
            "dramatic"
        ]
    },
    {
        "name": "E Bass",
        "md5": "0657e39bae81a232b01a18f727d3b891.wav",
        "sampleCount": 72320,
        "rate": 44100,
        "format": "",
        "tags": [
            "music",
            "instruments",
            "notes"
        ]
    },
    {
        "name": "E Elec Bass",
        "md5": "0704b8ceabe54f1dcedda8c98f1119fd.wav",
        "sampleCount": 11382,
        "rate": 44100,
        "format": "",
        "tags": [
            "music",
            "instruments",
            "notes"
        ]
    },
    {
        "name": "E Elec Guitar",
        "md5": "2e6a6ae3e0f72bf78c74def8130f459a.wav",
        "sampleCount": 88200,
        "rate": 44100,
        "format": "",
        "tags": [
            "music",
            "instruments",
            "notes"
        ]
    },
    {
        "name": "E Elec Piano",
        "md5": "ab3c198f8e36efff14f0a5bad35fa3cd.wav",
        "sampleCount": 88200,
        "rate": 44100,
        "format": "",
        "tags": [
            "music",
            "note",
            "piano",
            "keyboard"
        ]
    },
    {
        "name": "E Guitar",
        "md5": "4b5d1da83e59bf35578324573c991666.wav",
        "sampleCount": 76800,
        "rate": 44100,
        "format": "",
        "tags": [
            "music",
            "instruments",
            "notes"
        ]
    },
    {
        "name": "E Piano",
        "md5": "c818fdfaf8a0efcb562e24e794700a57.wav",
        "sampleCount": 88200,
        "rate": 44100,
        "format": "",
        "tags": [
            "music",
            "instruments",
            "notes"
        ]
    },
    {
        "name": "E Sax",
        "md5": "3568b7dfe173fab6877a9ff1dcbcf1aa.wav",
        "sampleCount": 14978,
        "rate": 44100,
        "format": "",
        "tags": [
            "music",
            "instruments",
            "notes"
        ]
    },
    {
        "name": "E Trombone",
        "md5": "c859fb0954acaa25c4b329df5fb76434.wav",
        "sampleCount": 33398,
        "rate": 44100,
        "format": "",
        "tags": [
            "music",
            "instruments",
            "notes"
        ]
    },
    {
        "name": "E Trumpet",
        "md5": "494295a92314cadb220945a6711c568c.wav",
        "sampleCount": 9145,
        "rate": 22050,
        "format": "adpcm",
        "tags": [
            "music",
            "instruments",
            "notes"
        ]
    },
    {
        "name": "Eggs",
        "md5": "659de1f3826ece8dbeca948884835f14.wav",
        "sampleCount": 336297,
        "rate": 22050,
        "format": "adpcm",
        "tags": [
            "music",
            "loops"
        ]
    },
    {
        "name": "Elec Piano A Minor",
        "md5": "8fe470b5f2fb58364b153fe647adcbbf.wav",
        "sampleCount": 88200,
        "rate": 44100,
        "format": "",
        "tags": [
            "music",
            "notes",
            "instruments"
        ]
    },
    {
        "name": "Elec Piano C Major",
        "md5": "228429930dfc60f48d75ce8e14291416.wav",
        "sampleCount": 88200,
        "rate": 44100,
        "format": "",
        "tags": [
            "music",
            "notes",
            "instruments"
        ]
    },
    {
        "name": "Elec Piano F Major",
        "md5": "740098316ed06d9a64c14b93f65c5da5.wav",
        "sampleCount": 88200,
        "rate": 44100,
        "format": "",
        "tags": [
            "music",
            "notes",
            "instruments"
        ]
    },
    {
        "name": "Elec Piano G Major",
        "md5": "5a5f5de80bcdf782250e889747b374bd.wav",
        "sampleCount": 87816,
        "rate": 44100,
        "format": "",
        "tags": [
            "music",
            "notes",
            "instruments"
        ]
    },
    {
        "name": "Elec Piano Loop",
        "md5": "7b4822ccca655db47de0880bab0e7bd9.wav",
        "sampleCount": 87688,
        "rate": 44100,
        "format": "",
        "tags": [
            "music",
            "notes",
            "instruments",
            "loops"
        ]
    },
    {
        "name": "Emotional Piano",
        "md5": "c587075453ace1584cf155d6a8de604d.wav",
        "sampleCount": 330180,
        "rate": 44100,
        "format": "",
        "tags": [
            "loops",
            "music",
            "chill",
            "calm"
        ]
    },
    {
        "name": "Engine",
        "md5": "f5c4e2311024f18c989e53f9b3448db8.wav",
        "sampleCount": 172721,
        "rate": 22050,
        "format": "adpcm",
        "tags": [
            "effects",
            "transportation"
        ]
    },
    {
        "name": "F Bass",
        "md5": "ea21bdae86f70d60b28f1dddcf50d104.wav",
        "sampleCount": 68736,
        "rate": 44100,
        "format": "",
        "tags": [
            "music",
            "instruments",
            "notes"
        ]
    },
    {
        "name": "F Elec Bass",
        "md5": "45eedb4ce62a9cbbd2207824b94a4641.wav",
        "sampleCount": 10624,
        "rate": 44100,
        "format": "",
        "tags": [
            "music",
            "instruments",
            "notes"
        ]
    },
    {
        "name": "F Elec Guitar",
        "md5": "5eb00f15f21f734986aa45156d44478d.wav",
        "sampleCount": 88200,
        "rate": 44100,
        "format": "",
        "tags": [
            "music",
            "instruments",
            "notes"
        ]
    },
    {
        "name": "F Elec Piano",
        "md5": "dc5e368fc0d0dad1da609bfc3e29aa15.wav",
        "sampleCount": 88200,
        "rate": 44100,
        "format": "",
        "tags": [
            "music",
            "note",
            "piano",
            "keyboard"
        ]
    },
    {
        "name": "F Guitar",
        "md5": "b51d086aeb1921ec405561df52ecbc50.wav",
        "sampleCount": 72832,
        "rate": 44100,
        "format": "",
        "tags": [
            "music",
            "instruments",
            "notes"
        ]
    },
    {
        "name": "F Major Ukulele",
        "md5": "cd0ab5d1b0120c6ed92a1654ccf81376.wav",
        "sampleCount": 36470,
        "rate": 44100,
        "format": "",
        "tags": [
            "music",
            "instruments",
            "notes",
            "chords"
        ]
    },
    {
        "name": "F Piano",
        "md5": "cdab3cce84f74ecf53e3941c6a003b5e.wav",
        "sampleCount": 88200,
        "rate": 44100,
        "format": "",
        "tags": [
            "music",
            "instruments",
            "notes"
        ]
    },
    {
        "name": "F Sax",
        "md5": "2ae3083817bcd595e26ea2884b6684d5.wav",
        "sampleCount": 8129,
        "rate": 22050,
        "format": "adpcm",
        "tags": [
            "music",
            "instruments",
            "notes"
        ]
    },
    {
        "name": "F Trombone",
        "md5": "d6758470457aac2aa712717a676a5163.wav",
        "sampleCount": 38746,
        "rate": 44100,
        "format": "",
        "tags": [
            "music",
            "instruments",
            "notes"
        ]
    },
    {
        "name": "F Trumpet",
        "md5": "5fa3108b119ca266029b4caa340a7cd0.wav",
        "sampleCount": 25532,
        "rate": 44100,
        "format": "",
        "tags": [
            "music",
            "instruments",
            "notes"
        ]
    },
    {
        "name": "Fairydust",
        "md5": "b92de59d992a655c1b542223a784cda6.wav",
        "sampleCount": 22494,
        "rate": 44100,
        "format": "",
        "tags": []
    },
    {
        "name": "Finger Snap",
        "md5": "99d02ffb3212d86b3e5b173b6f33f835.wav",
        "sampleCount": 7940,
        "rate": 44100,
        "format": "",
        "tags": [
            "effects",
            "percussion",
            "human"
        ]
    },
    {
        "name": "Flam Snare",
        "md5": "3b6cce9f8c56c0537ca61eee3945cd1d.wav",
        "sampleCount": 8832,
        "rate": 44100,
        "format": "",
        "tags": []
    },
    {
        "name": "Footsteps",
        "md5": "c893b0a9b3e2e0594f1f921a12aa66be.wav",
        "sampleCount": 235520,
        "rate": 44100,
        "format": "",
        "tags": [
            "effects",
            "human"
        ]
    },
    {
        "name": "G Bass",
        "md5": "05c192194e8f1944514dce3833e33439.wav",
        "sampleCount": 61952,
        "rate": 44100,
        "format": "",
        "tags": [
            "music",
            "instruments",
            "notes"
        ]
    },
    {
        "name": "G Elec Bass",
        "md5": "97b187d72219b994a6ef6a5a6b09605c.wav",
        "sampleCount": 11136,
        "rate": 44100,
        "format": "",
        "tags": [
            "music",
            "instruments",
            "notes"
        ]
    },
    {
        "name": "G Elec Guitar",
        "md5": "cd0d0e7dad415b2ffa2ba7a61860eaf8.wav",
        "sampleCount": 88200,
        "rate": 44100,
        "format": "",
        "tags": [
            "music",
            "instruments",
            "notes"
        ]
    },
    {
        "name": "G Elec Piano",
        "md5": "39525f6545d62a95d05153f92d63301a.wav",
        "sampleCount": 88200,
        "rate": 44100,
        "format": "",
        "tags": [
            "music",
            "note",
            "piano",
            "keyboard"
        ]
    },
    {
        "name": "G Guitar",
        "md5": "98a835713ecea2f3ef9f4f442d52ad20.wav",
        "sampleCount": 67200,
        "rate": 44100,
        "format": "",
        "tags": [
            "music",
            "instruments",
            "notes"
        ]
    },
    {
        "name": "G Piano",
        "md5": "42bb2ed28e7023e111b33220e1594a6f.wav",
        "sampleCount": 88200,
        "rate": 44100,
        "format": "",
        "tags": [
            "music",
            "instruments",
            "notes"
        ]
    },
    {
        "name": "G Sax",
        "md5": "cefba5de46adfe5702485e0934bb1e13.wav",
        "sampleCount": 8129,
        "rate": 22050,
        "format": "adpcm",
        "tags": [
            "music",
            "instruments",
            "notes"
        ]
    },
    {
        "name": "G Trombone",
        "md5": "9436fd7a0eacb4a6067e7db14236dde1.wav",
        "sampleCount": 34358,
        "rate": 44100,
        "format": "",
        "tags": [
            "music",
            "instruments",
            "notes"
        ]
    },
    {
        "name": "G Trumpet",
        "md5": "e84afda25975f14b364118591538ccf4.wav",
        "sampleCount": 29280,
        "rate": 44100,
        "format": "",
        "tags": [
            "music",
            "instruments",
            "notes"
        ]
    },
    {
        "name": "G Ukulele",
        "md5": "d20218f92ee606277658959005538e2d.wav",
        "sampleCount": 36470,
        "rate": 44100,
        "format": "",
        "tags": [
            "music",
            "instruments",
            "notes",
            "chords"
        ]
    },
    {
        "name": "Gallop",
        "md5": "8388c266cd774a8e8c8796155b18ef47.wav",
        "sampleCount": 36577,
        "rate": 22050,
        "format": "adpcm",
        "tags": [
            "animals",
            "horse"
        ]
    },
    {
        "name": "Garden",
        "md5": "7c25f6d39011cd2ee5ffb1af539d9d0c.wav",
        "sampleCount": 371857,
        "rate": 22050,
        "format": "adpcm",
        "tags": [
            "music",
            "loops"
        ]
    },
    {
        "name": "Glass Breaking",
        "md5": "4b33c58ba14e4555373fa2478b3f891f.wav",
        "sampleCount": 52833,
        "rate": 22050,
        "format": "adpcm",
        "tags": [
            "effects"
        ]
    },
    {
        "name": "Glug",
        "md5": "5606722c6105f3c58f9689a958f5c45f.wav",
        "sampleCount": 12193,
        "rate": 22050,
        "format": "adpcm",
        "tags": [
            "effects",
            "potion",
            "drink",
            "water"
        ]
    },
    {
        "name": "Goal Cheer",
        "md5": "a434069c58e79d42f5d21abb1c318919.wav",
        "sampleCount": 84329,
        "rate": 22050,
        "format": "adpcm",
        "tags": [
            "sports",
            "human",
            "voice"
        ]
    },
    {
        "name": "Gong",
        "md5": "9d30c38443691e9626d510546d98327c.wav",
        "sampleCount": 457728,
        "rate": 44100,
        "format": "",
        "tags": [
            "music",
            "percussion"
        ]
    },
    {
        "name": "Goose",
        "md5": "16a3b9d516e125cdb2ad74cd8d205d71.wav",
        "sampleCount": 16416,
        "rate": 44100,
        "format": "",
        "tags": [
            "animals",
            "birds"
        ]
    },
    {
        "name": "Growl",
        "md5": "79d052b0921d2078d42389328b1be168.wav",
        "sampleCount": 19305,
        "rate": 22050,
        "format": "adpcm",
        "tags": [
            "animals",
            "dog"
        ]
    },
    {
        "name": "Grunt",
        "md5": "caa0a1685ef7a5334413834c6c818c5a.wav",
        "sampleCount": 21337,
        "rate": 22050,
        "format": "adpcm",
        "tags": [
            "animals",
            "buffalo"
        ]
    },
    {
        "name": "Guitar Chords1",
        "md5": "2b1a5bc63580d8625cf24ff3d7622c0b.wav",
        "sampleCount": 123953,
        "rate": 22050,
        "format": "adpcm",
        "tags": [
            "music",
            "instruments",
            "loops"
        ]
    },
    {
        "name": "Guitar Chords2",
        "md5": "e956f15da397a13fae0c90d9fe4571fb.wav",
        "sampleCount": 159513,
        "rate": 22050,
        "format": "adpcm",
        "tags": [
            "music",
            "instruments",
            "loops"
        ]
    },
    {
        "name": "Guitar Strum",
        "md5": "29000fa713f70765147ee0551fa42d9e.wav",
        "sampleCount": 100864,
        "rate": 44100,
        "format": "",
        "tags": [
            "music",
            "instruments",
            "chords"
        ]
    },
    {
        "name": "Hand Clap",
        "md5": "9502142875e67f7b0292a117a27e9563.wav",
        "sampleCount": 4928,
        "rate": 44100,
        "format": "",
        "tags": [
            "human",
            "percussion"
        ]
    },
    {
        "name": "Head Shake",
        "md5": "e56fdc9f76d035ff01f4e7b39e9e9989.wav",
        "sampleCount": 20321,
        "rate": 22050,
        "format": "adpcm",
        "tags": [
            "effects",
            "wacky",
            "cartoon"
        ]
    },
    {
        "name": "Hey",
        "md5": "ec7c272faa862c9f8f731792e686e3c9.wav",
        "sampleCount": 6097,
        "rate": 22050,
        "format": "adpcm",
        "tags": [
            "human",
            "voice"
        ]
    },
    {
        "name": "Hi Beatbox",
        "md5": "5a07847bf246c227204728b05a3fc8f3.wav",
        "sampleCount": 11712,
        "rate": 44100,
        "format": "",
        "tags": []
    },
    {
        "name": "Hi Na Tabla",
        "md5": "35b42d98c43404a5b1b52fb232a62bd7.wav",
        "sampleCount": 8192,
        "rate": 44100,
        "format": "",
        "tags": [
            "drums",
            "instrument",
            "percussion"
        ]
    },
    {
        "name": "Hi Tun Tabla",
        "md5": "da734693dfa6a9a7eccdc7f9a0ca9840.wav",
        "sampleCount": 37312,
        "rate": 44100,
        "format": "",
        "tags": [
            "drums",
            "instrument",
            "percussion"
        ]
    },
    {
        "name": "High Conga",
        "md5": "16144544de90e98a92a265d4fc3241ea.wav",
        "sampleCount": 16384,
        "rate": 44100,
        "format": "",
        "tags": [
            "drums",
            "instrument",
            "percussion"
        ]
    },
    {
        "name": "High Hat",
        "md5": "0d91b2759ac861d156235f5ecf8d3218.wav",
        "sampleCount": 3049,
        "rate": 22050,
        "format": "adpcm",
        "tags": [
            "music",
            "percussion",
            "drums"
        ]
    },
    {
        "name": "High Tom",
        "md5": "d623f99b3c8d33932eb2c6c9cfd817c5.wav",
        "sampleCount": 24640,
        "rate": 44100,
        "format": "",
        "tags": []
    },
    {
        "name": "High Whoosh",
        "md5": "6a10c380af8c400f8f6eea84eb28bd12.wav",
        "sampleCount": 7113,
        "rate": 22050,
        "format": "adpcm",
        "tags": [
            "effects",
            "games"
        ]
    },
    {
        "name": "Hihat Beatbox",
        "md5": "5a07847bf246c227204728b05a3fc8f3.wav",
        "sampleCount": 11712,
        "rate": 44100,
        "format": "",
        "tags": [
            "human",
            "percussion",
            "music",
            "hiphop"
        ]
    },
    {
        "name": "Hihat Cymbal",
        "md5": "2d01f60d0f20ab39facbf707899c6b2a.wav",
        "sampleCount": 5504,
        "rate": 44100,
        "format": "",
        "tags": []
    },
    {
        "name": "Hip Hop",
        "md5": "7ed8ce1853bde6dcbc6f7f5a1c65ae47.wav",
        "sampleCount": 109729,
        "rate": 22050,
        "format": "adpcm",
        "tags": [
            "music",
            "loops",
            "hiphop"
        ]
    },
    {
        "name": "Horse",
        "md5": "45ffcf97ee2edca0199ff5aa71a5b72e.wav",
        "sampleCount": 57856,
        "rate": 44100,
        "format": "",
        "tags": [
            "animals",
            "effects"
        ]
    },
    {
        "name": "Horse Gallop",
        "md5": "058a34b5fb8b57178b5322d994b6b8c8.wav",
        "sampleCount": 153344,
        "rate": 44100,
        "format": "",
        "tags": []
    },
    {
        "name": "Human Beatbox1",
        "md5": "37f37455c35fea71449926eb0bff05dd.wav",
        "sampleCount": 103633,
        "rate": 22050,
        "format": "adpcm",
        "tags": [
            "human",
            "percussion",
            "music",
            "hiphop",
            "loops"
        ]
    },
    {
        "name": "Human Beatbox2",
        "md5": "f62e9f7deeb0e06268df6edffa14f5de.wav",
        "sampleCount": 62993,
        "rate": 22050,
        "format": "adpcm",
        "tags": [
            "human",
            "percussion",
            "music",
            "hiphop",
            "loops"
        ]
    },
    {
        "name": "Jump",
        "md5": "6fcd64d6357e4ea03704e5f96bfd35ba.wav",
        "sampleCount": 7113,
        "rate": 22050,
        "format": "adpcm",
        "tags": [
            "effects",
            "electronic",
            "games"
        ]
    },
    {
        "name": "Jungle",
        "md5": "b234a04cc3958437c43ed3d93f34a345.wav",
        "sampleCount": 76201,
        "rate": 22050,
        "format": "adpcm",
        "tags": [
            "music",
            "electronic",
            "loops"
        ]
    },
    {
        "name": "Jungle Frogs",
        "md5": "2ca5fbda5288b79a6e12f5ca3c20b0fa.wav",
        "sampleCount": 291593,
        "rate": 22050,
        "format": "adpcm",
        "tags": [
            "animals",
            "background",
            "crickets",
            "ambience"
        ]
    },
    {
        "name": "Kick Back",
        "md5": "9cd340d9d568b1479f731e69e103b3ce.wav",
        "sampleCount": 44705,
        "rate": 22050,
        "format": "adpcm",
        "tags": [
            "music",
            "loops",
            "hiphop"
        ]
    },
    {
        "name": "Kick Drum",
        "md5": "711a1270d1cf2e5de9b145ee539213e4.wav",
        "sampleCount": 4065,
        "rate": 22050,
        "format": "adpcm",
        "tags": [
            "music",
            "percussion",
            "hiphop"
        ]
    },
    {
        "name": "Large Cowbell",
        "md5": "006316650ffc673dc02d36aa55881327.wav",
        "sampleCount": 21337,
        "rate": 22050,
        "format": "adpcm",
        "tags": [
            "music",
            "percussion",
            "drums"
        ]
    },
    {
        "name": "Laser1",
        "md5": "46571f8ec0f2cc91666c80e312579082.wav",
        "sampleCount": 2064,
        "rate": 44100,
        "format": "",
        "tags": []
    },
    {
        "name": "Laser2",
        "md5": "27654ed2e3224f0a3f77c244e4fae9aa.wav",
        "sampleCount": 3020,
        "rate": 44100,
        "format": "",
        "tags": []
    },
    {
        "name": "Laugh1",
        "md5": "1e8e7fb94103282d02a4bb597248c788.wav",
        "sampleCount": 54188,
        "rate": 44100,
        "format": "",
        "tags": [
            "human",
            "voice"
        ]
    },
    {
        "name": "Laugh2",
        "md5": "8b1e025f38b0635f7e34e9afcace1b5e.wav",
        "sampleCount": 58648,
        "rate": 44100,
        "format": "",
        "tags": [
            "human",
            "voice"
        ]
    },
    {
        "name": "Laugh3",
        "md5": "86dee6fa7cd73095ba17e4d666a27804.wav",
        "sampleCount": 128260,
        "rate": 44100,
        "format": "",
        "tags": [
            "human",
            "voice"
        ]
    },
    {
        "name": "Lo Geh Tabla",
        "md5": "9205359ab69d042ed3da8a160a651690.wav",
        "sampleCount": 61568,
        "rate": 44100,
        "format": "",
        "tags": [
            "drums",
            "instrument",
            "percussion"
        ]
    },
    {
        "name": "Lo Gliss Tabla",
        "md5": "d7cd24689737569c93e7ea7344ba6b0e.wav",
        "sampleCount": 14016,
        "rate": 44100,
        "format": "",
        "tags": [
            "drums",
            "instrument",
            "percussion"
        ]
    },
    {
        "name": "Lose",
        "md5": "d73eacaf5a905bf864041c7a70937ac4.wav",
        "sampleCount": 82297,
        "rate": 22050,
        "format": "adpcm",
        "tags": [
            "effects",
            "electronic",
            "games"
        ]
    },
    {
        "name": "Low Boing",
        "md5": "33e9314fd25ef8e800a749c86487f7a9.wav",
        "sampleCount": 17273,
        "rate": 22050,
        "format": "adpcm",
        "tags": [
            "effects"
        ]
    },
    {
        "name": "Low Conga",
        "md5": "0b6f94487cd8a1cf0bb77e15966656c3.wav",
        "sampleCount": 16768,
        "rate": 44100,
        "format": "",
        "tags": [
            "drums",
            "instrument",
            "percussion"
        ]
    },
    {
        "name": "Low Squeak",
        "md5": "0aae06b65c875a6ba1fd51f4251b16b3.wav",
        "sampleCount": 17273,
        "rate": 22050,
        "format": "adpcm",
        "tags": [
            "effects"
        ]
    },
    {
        "name": "Low Tom",
        "md5": "1569bbbd8952b0575e5a5cb5aefb50ba.wav",
        "sampleCount": 40000,
        "rate": 44100,
        "format": "",
        "tags": []
    },
    {
        "name": "Low Whoosh",
        "md5": "d42f096c89764484a442046f4342c9ad.wav",
        "sampleCount": 12193,
        "rate": 22050,
        "format": "adpcm",
        "tags": [
            "effects",
            "games"
        ]
    },
    {
        "name": "Machine",
        "md5": "e7dfb630116153533989ff839c1973a5.wav",
        "sampleCount": 11177,
        "rate": 22050,
        "format": "adpcm",
        "tags": [
            "effects"
        ]
    },
    {
        "name": "Magic Spell",
        "md5": "1cb60ecdb1075c8769cb346d5c2a22c7.wav",
        "sampleCount": 43689,
        "rate": 22050,
        "format": "adpcm",
        "tags": [
            "effects",
            "fantasy"
        ]
    },
    {
        "name": "Medieval1",
        "md5": "9329fef6a59c5406d70cbe5837976d6b.wav",
        "sampleCount": 213361,
        "rate": 22050,
        "format": "adpcm",
        "tags": [
            "music",
            "loops",
            "fantasy"
        ]
    },
    {
        "name": "Medieval2",
        "md5": "7bc8c4a9d0525f04451356c6cc483dd7.wav",
        "sampleCount": 324105,
        "rate": 22050,
        "format": "adpcm",
        "tags": [
            "music",
            "loops",
            "fantasy"
        ]
    },
    {
        "name": "Meow",
        "md5": "83c36d806dc92327b9e7049a565c6bff.wav",
        "sampleCount": 37376,
        "rate": 44100,
        "format": "",
        "tags": [
            "animals",
            "cat"
        ]
    },
    {
        "name": "Meow2",
        "md5": "cf51a0c4088942d95bcc20af13202710.wav",
        "sampleCount": 26048,
        "rate": 44100,
        "format": "",
        "tags": [
            "animals",
            "cat"
        ]
    },
    {
        "name": "Moo",
        "md5": "7206280bd4444a06d25f19a84dcb56b1.wav",
        "sampleCount": 27433,
        "rate": 22050,
        "format": "adpcm",
        "tags": [
            "animals",
            "cow"
        ]
    },
    {
        "name": "Motorcycle Passing",
        "md5": "b49ab3a926da46578396d1faffd24d3b.wav",
        "sampleCount": 344064,
        "rate": 44100,
        "format": "",
        "tags": [
            "transportation",
            "ambience",
            "background"
        ]
    },
    {
        "name": "Movie 1",
        "md5": "84f7b490f0f536cc1337ab7948aa3aa7.wav",
        "sampleCount": 441000,
        "rate": 44100,
        "format": "",
        "tags": [
            "loops",
            "music",
            "cinematic"
        ]
    },
    {
        "name": "Movie 2",
        "md5": "77ea2403120936066eb6280a47b063fd.wav",
        "sampleCount": 151385,
        "rate": 22050,
        "format": "adpcm",
        "tags": [
            "loops",
            "music",
            "cinematic"
        ]
    },
    {
        "name": "Muted Conga",
        "md5": "1d4abbe3c9bfe198a88badb10762de75.wav",
        "sampleCount": 9088,
        "rate": 44100,
        "format": "",
        "tags": [
            "drums",
            "instrument",
            "percussion"
        ]
    },
    {
        "name": "Mystery",
        "md5": "a822b56063729f4f42f9a62e6010768b.wav",
        "sampleCount": 94489,
        "rate": 22050,
        "format": "adpcm",
        "tags": [
            "loops",
            "music",
            "cinematic"
        ]
    },
    {
        "name": "Ocean Wave",
        "md5": "c904610d770398b98872a708a2f75611.wav",
        "sampleCount": 99569,
        "rate": 22050,
        "format": "adpcm",
        "tags": [
            "effects",
            "water",
            "underwater"
        ]
    },
    {
        "name": "Odesong",
        "md5": "2c41921491b1da2bfa1ebcaba34265ca.wav",
        "sampleCount": 212345,
        "rate": 22050,
        "format": "adpcm",
        "tags": [
            "music",
            "loops",
            "electronic"
        ]
    },
    {
        "name": "Oops",
        "md5": "1139072c3d2d31fa5903c46632789d08.wav",
        "sampleCount": 31497,
        "rate": 22050,
        "format": "adpcm",
        "tags": [
            "effects",
            "electronic",
            "games"
        ]
    },
    {
        "name": "Orchestra Tuning",
        "md5": "9fdef8a1f57a24b99add29d4f1925c76.wav",
        "sampleCount": 222505,
        "rate": 22050,
        "format": "adpcm",
        "tags": [
            "effects",
            "ambience",
            "background",
            "music"
        ]
    },
    {
        "name": "Owl",
        "md5": "e8b6d605f5a1bb36c29e4e21ef754209.wav",
        "sampleCount": 32444,
        "rate": 44100,
        "format": "",
        "tags": []
    },
    {
        "name": "Party Noise",
        "md5": "8f5a994abfa814da72272e766772dbac.wav",
        "sampleCount": 178688,
        "rate": 44100,
        "format": "",
        "tags": [
            "human",
            "voice",
            "ambience",
            "background"
        ]
    },
    {
        "name": "Pew",
        "md5": "21a2cc083ef51767fb13791151194348.wav",
        "sampleCount": 6097,
        "rate": 22050,
        "format": "adpcm",
        "tags": [
            "effects",
            "electronic",
            "games"
        ]
    },
    {
        "name": "Ping Pong Hit",
        "md5": "8357b4bdf6fbe10b972be3b78167b3c8.wav",
        "sampleCount": 11177,
        "rate": 22050,
        "format": "adpcm",
        "tags": [
            "sports"
        ]
    },
    {
        "name": "Pluck",
        "md5": "0f2aa4c395cb932512defb2d14dc1691.wav",
        "sampleCount": 7113,
        "rate": 22050,
        "format": "adpcm",
        "tags": [
            "effects",
            "wacky",
            "cartoon"
        ]
    },
    {
        "name": "Plunge",
        "md5": "c09455ee9da0e7eeead42d4e73c2555d.wav",
        "sampleCount": 89600,
        "rate": 44100,
        "format": "",
        "tags": [
            "effects",
            "water",
            "splash"
        ]
    },
    {
        "name": "Police Siren",
        "md5": "b10dcd209865fbd392534633307dafad.wav",
        "sampleCount": 9145,
        "rate": 22050,
        "format": "adpcm",
        "tags": [
            "effects"
        ]
    },
    {
        "name": "Pop",
        "md5": "83a9787d4cb6f3b7632b4ddfebf74367.wav",
        "sampleCount": 1032,
        "rate": 44100,
        "format": "",
        "tags": []
    },
    {
        "name": "Rain",
        "md5": "b5db20c28ef4946137129b47772dcf69.wav",
        "sampleCount": 220473,
        "rate": 22050,
        "format": "adpcm",
        "tags": [
            "ambience",
            "background",
            "weather",
            "water"
        ]
    },
    {
        "name": "Rattle",
        "md5": "74f1c07e0bcd7811fd9d456a5f8667f8.wav",
        "sampleCount": 26368,
        "rate": 44100,
        "format": "",
        "tags": []
    },
    {
        "name": "Referee Whistle",
        "md5": "8468b9b3f11a665ee4d215afd8463b97.wav",
        "sampleCount": 14225,
        "rate": 22050,
        "format": "adpcm",
        "tags": [
            "sports"
        ]
    },
    {
        "name": "Reggae",
        "md5": "19211d5ecd34214b6aba947790e63bb0.wav",
        "sampleCount": 346046,
        "rate": 44100,
        "format": "",
        "tags": [
            "loops",
            "music"
        ]
    },
    {
        "name": "Ricochet",
        "md5": "49407acfc004ec6960e8b84d363bd98d.wav",
        "sampleCount": 24385,
        "rate": 22050,
        "format": "adpcm",
        "tags": [
            "effects",
            "wacky"
        ]
    },
    {
        "name": "Ride Cymbal",
        "md5": "53badb02228d10494e0efdd1e839548d.wav",
        "sampleCount": 32576,
        "rate": 44100,
        "format": "",
        "tags": [
            "music",
            "percussion",
            "drums"
        ]
    },
    {
        "name": "Ring Tone",
        "md5": "895c0887b4de4e0051e3adbceaf96061.wav",
        "sampleCount": 71121,
        "rate": 22050,
        "format": "adpcm",
        "tags": [
            "effects",
            "home"
        ]
    },
    {
        "name": "Rip",
        "md5": "4081f8fac2ca83bd34329400eb95bbde.wav",
        "sampleCount": 12193,
        "rate": 22050,
        "format": "adpcm",
        "tags": [
            "effects",
            "games"
        ]
    },
    {
        "name": "Ripples",
        "md5": "d3c95a4ba37dcf90c8a57e8b2fd1632d.wav",
        "sampleCount": 86016,
        "rate": 44100,
        "format": "",
        "tags": [
            "effects",
            "water"
        ]
    },
    {
        "name": "Roll Cymbal",
        "md5": "da8355d753cd2a5ddd19cb2bb41c1547.wav",
        "sampleCount": 52864,
        "rate": 44100,
        "format": "",
        "tags": []
    },
    {
        "name": "Rooster",
        "md5": "2e375acae2c7c0d655935a9de14b12f6.wav",
        "sampleCount": 68440,
        "rate": 44100,
        "format": "",
        "tags": []
    },
    {
        "name": "Scrambling Feet",
        "md5": "0fbca8db08d46419416c0f104345bc53.wav",
        "sampleCount": 36577,
        "rate": 22050,
        "format": "adpcm",
        "tags": [
            "wacky",
            "effects",
            "cartoon"
        ]
    },
    {
        "name": "Scratch Beatbox",
        "md5": "859249563a7b1fc0f6e92e36d1db81c7.wav",
        "sampleCount": 23104,
        "rate": 44100,
        "format": "",
        "tags": []
    },
    {
        "name": "Scratchy Beat",
        "md5": "289dc558e076971e74dd1a0bd55719b1.wav",
        "sampleCount": 88192,
        "rate": 44100,
        "format": "",
        "tags": [
            "music",
            "loops",
            "hiphop"
        ]
    },
    {
        "name": "Scream1",
        "md5": "10420bb2f5a3ab440f3b10fc8ea2b08b.wav",
        "sampleCount": 26512,
        "rate": 44100,
        "format": "",
        "tags": [
            "human",
            "voice"
        ]
    },
    {
        "name": "Scream2",
        "md5": "e06e29398d770dae3cd57447439752ef.wav",
        "sampleCount": 34020,
        "rate": 44100,
        "format": "",
        "tags": [
            "human",
            "voice"
        ]
    },
    {
        "name": "Screech",
        "md5": "10644c5cc83a9a2dd3ab466deb0eb03d.wav",
        "sampleCount": 13209,
        "rate": 22050,
        "format": "adpcm",
        "tags": [
            "animals",
            "monkey"
        ]
    },
    {
        "name": "Seagulls",
        "md5": "42bbbb6c37439abc82057ec2e67b78dc.wav",
        "sampleCount": 65025,
        "rate": 22050,
        "format": "adpcm",
        "tags": [
            "animals",
            "bird"
        ]
    },
    {
        "name": "Sewing Machine",
        "md5": "7bd800cb66d6fb18886a4c5cea1b76a6.wav",
        "sampleCount": 108713,
        "rate": 22050,
        "format": "adpcm",
        "tags": [
            "effects",
            "home"
        ]
    },
    {
        "name": "Shaker",
        "md5": "714e598d28e493cc50babc17f2c4895d.wav",
        "sampleCount": 74240,
        "rate": 44100,
        "format": "",
        "tags": [
            "music",
            "percussion"
        ]
    },
    {
        "name": "Ship Bell",
        "md5": "4cbd4dc0c55656e7edc4b0f00a3f9738.wav",
        "sampleCount": 79249,
        "rate": 22050,
        "format": "adpcm",
        "tags": [
            "effects",
            "transportation"
        ]
    },
    {
        "name": "Sidestick Snare",
        "md5": "f6868ee5cf626fc4ef3ca1119dc95592.wav",
        "sampleCount": 4672,
        "rate": 44100,
        "format": "",
        "tags": []
    },
    {
        "name": "Singer1",
        "md5": "92ee32e9be5ed7b69370fc38bb550597.wav",
        "sampleCount": 94612,
        "rate": 44100,
        "format": "",
        "tags": [
            "human",
            "voice",
            "vocals",
            "music"
        ]
    },
    {
        "name": "Singer2",
        "md5": "5d3d2865906889e866b3edf154e6cf5d.wav",
        "sampleCount": 114544,
        "rate": 44100,
        "format": "",
        "tags": [
            "human",
            "voice",
            "vocals",
            "music"
        ]
    },
    {
        "name": "Siren Whistle",
        "md5": "ea0d6aced66db4b8cafaeb6418ef9cf6.wav",
        "sampleCount": 21337,
        "rate": 22050,
        "format": "adpcm",
        "tags": [
            "wacky",
            "effects"
        ]
    },
    {
        "name": "Skid",
        "md5": "2c22bb6e3c65d9430185fd83ec3db64a.wav",
        "sampleCount": 24385,
        "rate": 22050,
        "format": "adpcm",
        "tags": [
            "wacky",
            "cartoon",
            "effects",
            "transportation"
        ]
    },
    {
        "name": "Slide Whistle",
        "md5": "3858bab5ea1211ff3c5902a4b680f7d8.wav",
        "sampleCount": 13209,
        "rate": 22050,
        "format": "adpcm",
        "tags": [
            "wacky",
            "effects",
            "cartoon"
        ]
    },
    {
        "name": "Small Cowbell",
        "md5": "e29154f53f56f96f8a3292bdcddcec54.wav",
        "sampleCount": 10161,
        "rate": 22050,
        "format": "adpcm",
        "tags": [
            "music",
            "percussion",
            "drums"
        ]
    },
    {
        "name": "Snap",
        "md5": "c2ff5da4d9d85dee866615f672b749ce.wav",
        "sampleCount": 30720,
        "rate": 44100,
        "format": "",
        "tags": [
            "music",
            "percussion",
            "drums"
        ]
    },
    {
        "name": "Snare Beatbox",
        "md5": "c642c4c00135d890998f351faec55498.wav",
        "sampleCount": 6097,
        "rate": 22050,
        "format": "adpcm",
        "tags": []
    },
    {
        "name": "Snare Beatbox2",
        "md5": "7ede1382b578d8fc32850b48d082d914.wav",
        "sampleCount": 9920,
        "rate": 44100,
        "format": "",
        "tags": []
    },
    {
        "name": "Snare Drum",
        "md5": "c27fb569aba99c7203e954aecb1ed8e4.wav",
        "sampleCount": 3049,
        "rate": 22050,
        "format": "adpcm",
        "tags": [
            "music",
            "percussion",
            "drums"
        ]
    },
    {
        "name": "Sneaker Squeak",
        "md5": "03f61f7d2c32da8a1493a380414710a2.wav",
        "sampleCount": 9145,
        "rate": 22050,
        "format": "adpcm",
        "tags": [
            "sports",
            "effects"
        ]
    },
    {
        "name": "Sneeze1",
        "md5": "31600c613823710b66a74f4dd54c4cdd.wav",
        "sampleCount": 47272,
        "rate": 44100,
        "format": "",
        "tags": [
            "human",
            "voice"
        ]
    },
    {
        "name": "Sneeze2",
        "md5": "42b5a31628083f3089f494f2ba644660.wav",
        "sampleCount": 30436,
        "rate": 44100,
        "format": "",
        "tags": [
            "voice",
            "human"
        ]
    },
    {
        "name": "Snoring",
        "md5": "5b1a88cd6db7e239642d7ca8a0d74a1a.wav",
        "sampleCount": 104649,
        "rate": 22050,
        "format": "adpcm",
        "tags": [
            "human",
            "wacky",
            "voice",
            "cartoon"
        ]
    },
    {
        "name": "Snort",
        "md5": "362d7440a57cab29914fecea621e50d4.wav",
        "sampleCount": 17273,
        "rate": 22050,
        "format": "adpcm",
        "tags": [
            "animals",
            "horse"
        ]
    },
    {
        "name": "Space Ambience",
        "md5": "f8903e89c1082987f18fc30b3de6d61a.wav",
        "sampleCount": 220473,
        "rate": 22050,
        "format": "adpcm",
        "tags": [
            "effects",
            "games",
            "background",
            "space"
        ]
    },
    {
        "name": "Space Flyby",
        "md5": "49c2e36b7258338fb3a8576e646c6738.wav",
        "sampleCount": 52833,
        "rate": 22050,
        "format": "adpcm",
        "tags": [
            "effects",
            "games",
            "space",
            "transportation"
        ]
    },
    {
        "name": "Space Noise",
        "md5": "a5cd5e83841aaaf34583d6ad53d551f5.wav",
        "sampleCount": 58929,
        "rate": 22050,
        "format": "adpcm",
        "tags": [
            "effects",
            "electronic",
            "games",
            "space"
        ]
    },
    {
        "name": "Space Ripple",
        "md5": "ff8b8c3bf841a11fd5fe3afaa92be1b5.wav",
        "sampleCount": 164596,
        "rate": 44100,
        "format": "",
        "tags": []
    },
    {
        "name": "Spiral",
        "md5": "c987c4e2c85d1a034ef047c2611aff25.wav",
        "sampleCount": 114688,
        "rate": 44100,
        "format": "",
        "tags": [
            "space",
            "effects",
            "electronic"
        ]
    },
    {
        "name": "Splash",
        "md5": "6aed5e38d40b87a21d893d26fa2858c0.wav",
        "sampleCount": 46737,
        "rate": 22050,
        "format": "adpcm",
        "tags": [
            "sports",
            "water"
        ]
    },
    {
        "name": "Splash Cymbal",
        "md5": "9d63ed5be96c43b06492e8b4a9cea8d8.wav",
        "sampleCount": 19200,
        "rate": 44100,
        "format": "",
        "tags": []
    },
    {
        "name": "Spooky String",
        "md5": "6648b690e6e22c7504db7746879d51b4.wav",
        "sampleCount": 205504,
        "rate": 44100,
        "format": "",
        "tags": [
            "effects",
            "dramatic"
        ]
    },
    {
        "name": "Squawk",
        "md5": "e140d7ff07de8fa35c3d1595bba835ac.wav",
        "sampleCount": 16416,
        "rate": 44100,
        "format": "",
        "tags": [
            "animals",
            "birds"
        ]
    },
    {
        "name": "Squeaks",
        "md5": "62244fb9600ee90c780875deba2ba24f.wav",
        "sampleCount": 53849,
        "rate": 22050,
        "format": "adpcm",
        "tags": [
            "animals",
            "guinea pig"
        ]
    },
    {
        "name": "Squeaky Toy",
        "md5": "09d36c3c7531a0a1224437f3994bad40.wav",
        "sampleCount": 10161,
        "rate": 22050,
        "format": "adpcm",
        "tags": [
            "wacky",
            "effects",
            "cartoon",
            "horn"
        ]
    },
    {
        "name": "Squish Pop",
        "md5": "853cc25eb47a35c88e3a1fe88b171ed4.wav",
        "sampleCount": 10161,
        "rate": 22050,
        "format": "adpcm",
        "tags": [
            "wacky",
            "effects",
            "cartoon"
        ]
    },
    {
        "name": "String Accent",
        "md5": "c1b5c86a10f43f87746b1c305d4fd8df.wav",
        "sampleCount": 67584,
        "rate": 44100,
        "format": "",
        "tags": [
            "effects",
            "music"
        ]
    },
    {
        "name": "String Pluck",
        "md5": "d658129427a96764819cb9bd52076860.wav",
        "sampleCount": 19904,
        "rate": 44100,
        "format": "",
        "tags": [
            "effects",
            "music",
            "instruments"
        ]
    },
    {
        "name": "Suction Cup",
        "md5": "76b9d125d013562dc4f423525b028a19.wav",
        "sampleCount": 5081,
        "rate": 22050,
        "format": "adpcm",
        "tags": [
            "effects"
        ]
    },
    {
        "name": "Suspense",
        "md5": "12f86e0188510860970e04df45370c1d.wav",
        "sampleCount": 66636,
        "rate": 44100,
        "format": "",
        "tags": [
            "effects",
            "music",
            "dramatic"
        ]
    },
    {
        "name": "Tada",
        "md5": "10eed5b6b49ec7baf1d4b3b3fad0ac99.wav",
        "sampleCount": 55881,
        "rate": 22050,
        "format": "adpcm",
        "tags": [
            "effects",
            "surprise",
            "wacky",
            "dramatic"
        ]
    },
    {
        "name": "Tambura",
        "md5": "c2109f07f83086ec863e70887ef55fb6.wav",
        "sampleCount": 89044,
        "rate": 44100,
        "format": "",
        "tags": [
            "effects",
            "music",
            "instruments"
        ]
    },
    {
        "name": "Tap Conga",
        "md5": "fd9a67157f57f9cc6fe3cdce38a6d4a8.wav",
        "sampleCount": 13760,
        "rate": 44100,
        "format": "",
        "tags": [
            "drums",
            "instrument",
            "percussion"
        ]
    },
    {
        "name": "Tap Snare",
        "md5": "d55b3954d72c6275917f375e49b502f3.wav",
        "sampleCount": 6592,
        "rate": 44100,
        "format": "",
        "tags": []
    },
    {
        "name": "Techno",
        "md5": "8700dac70c8e08f4a5d21411980304bb.wav",
        "sampleCount": 175769,
        "rate": 22050,
        "format": "adpcm",
        "tags": [
            "loops",
            "music",
            "electronic"
        ]
    },
    {
        "name": "Techno2",
        "md5": "693b428f3797561a11ad0ddbd897b5df.wav",
        "sampleCount": 327153,
        "rate": 22050,
        "format": "adpcm",
        "tags": [
            "loops",
            "music",
            "electronic"
        ]
    },
    {
        "name": "Telephone Ring",
        "md5": "276f97d3a9d0f9938b37db8225af97f5.wav",
        "sampleCount": 75185,
        "rate": 22050,
        "format": "adpcm",
        "tags": [
            "effects",
            "home"
        ]
    },
    {
        "name": "Telephone Ring2",
        "md5": "d0096aa9ecc28c0729a99b0349399371.wav",
        "sampleCount": 25401,
        "rate": 22050,
        "format": "adpcm",
        "tags": [
            "effects",
            "home"
        ]
    },
    {
        "name": "Teleport",
        "md5": "2d625187556c4323169fc1a8f29a7a7d.wav",
        "sampleCount": 110745,
        "rate": 22050,
        "format": "adpcm",
        "tags": [
            "effects",
            "electronic",
            "games",
            "space"
        ]
    },
    {
        "name": "Teleport2",
        "md5": "7e5019890a930f3535604cf9cad63ba4.wav",
        "sampleCount": 16257,
        "rate": 22050,
        "format": "adpcm",
        "tags": [
            "effects",
            "electronic",
            "games",
            "space"
        ]
    },
    {
        "name": "Teleport3",
        "md5": "58f76f299a1df2373d4fca3614221186.wav",
        "sampleCount": 95505,
        "rate": 22050,
        "format": "adpcm",
        "tags": [
            "effects",
            "electronic",
            "games",
            "space"
        ]
    },
    {
        "name": "Tennis Hit",
        "md5": "01bd4d670cd586613705ee8273f22568.wav",
        "sampleCount": 18289,
        "rate": 22050,
        "format": "adpcm",
        "tags": [
            "sports",
            "effects"
        ]
    },
    {
        "name": "Thunder Storm",
        "md5": "11f13be7e53b2e9116d59344c5efc66a.wav",
        "sampleCount": 307849,
        "rate": 22050,
        "format": "adpcm",
        "tags": [
            "weather",
            "rain",
            "ambience",
            "background",
            "dramatic"
        ]
    },
    {
        "name": "Tom Drum",
        "md5": "5a8b8678d37a860dd6c08082d5cda3c2.wav",
        "sampleCount": 36577,
        "rate": 22050,
        "format": "adpcm",
        "tags": [
            "percussion",
            "drums",
            "music"
        ]
    },
    {
        "name": "Toy Honk",
        "md5": "67aadcd28620ecdcdee2ad8eeebefa20.wav",
        "sampleCount": 11177,
        "rate": 22050,
        "format": "adpcm",
        "tags": [
            "wacky",
            "effects",
            "transportation"
        ]
    },
    {
        "name": "Toy Zing",
        "md5": "52cf0926d9bab8774194a37eba636c0e.wav",
        "sampleCount": 14225,
        "rate": 22050,
        "format": "adpcm",
        "tags": [
            "effects"
        ]
    },
    {
        "name": "Traffic",
        "md5": "c983b482802b15a80983786019276c28.wav",
        "sampleCount": 142241,
        "rate": 22050,
        "format": "adpcm",
        "tags": [
            "effects",
            "transportation",
            "ambience",
            "background"
        ]
    },
    {
        "name": "Train Whistle",
        "md5": "50f29d0e028ec5c11210d0e2f91f83dd.wav",
        "sampleCount": 47753,
        "rate": 22050,
        "format": "adpcm",
        "tags": [
            "effects",
            "transportation"
        ]
    },
    {
        "name": "Trap Beat",
        "md5": "8c2ae70ee6a15c8d58004df7c4718de1.wav",
        "sampleCount": 294652,
        "rate": 44100,
        "format": "",
        "tags": [
            "loops",
            "music",
            "electronic",
            "EDM"
        ]
    },
    {
        "name": "Triumph",
        "md5": "072f4d9a3dfd2a082d50ff90ac7dc8f2.wav",
        "sampleCount": 89409,
        "rate": 22050,
        "format": "adpcm",
        "tags": [
            "loops",
            "music",
            "dramatic",
            "win"
        ]
    },
    {
        "name": "Tropical Birds",
        "md5": "18e5a88512296cd96417449496bd8711.wav",
        "sampleCount": 546609,
        "rate": 22050,
        "format": "adpcm",
        "tags": [
            "animals",
            "background",
            "ambience"
        ]
    },
    {
        "name": "Trumpet1",
        "md5": "851c9e2c38e5e71922231a8f64c37e70.wav",
        "sampleCount": 103200,
        "rate": 44100,
        "format": "",
        "tags": [
            "notes",
            "music",
            "instruments"
        ]
    },
    {
        "name": "Trumpet2",
        "md5": "dd73f891deca0241b800ed203408b6f3.wav",
        "sampleCount": 93696,
        "rate": 44100,
        "format": "",
        "tags": [
            "notes",
            "music",
            "instruments"
        ]
    },
    {
        "name": "Video Game 1",
        "md5": "fc6e9cc9ba13c7e4ebb1af6cd7c90c49.wav",
        "sampleCount": 171705,
        "rate": 22050,
        "format": "adpcm",
        "tags": [
            "loops",
            "music",
            "8bit",
            "8-bit",
            "electronic"
        ]
    },
    {
        "name": "Video Game 2",
        "md5": "287c477da485506c5b4ce37c57a64b5f.wav",
        "sampleCount": 150369,
        "rate": 22050,
        "format": "adpcm",
        "tags": [
            "loops",
            "music",
            "games",
            "electronic"
        ]
    },
    {
        "name": "Wah Beatbox",
        "md5": "9021b7bb06f2399f18e2db4fb87095dc.wav",
        "sampleCount": 13248,
        "rate": 44100,
        "format": "",
        "tags": []
    },
    {
        "name": "Wand",
        "md5": "d182adef7a68a5f38f1c78ab7d5afd6a.wav",
        "sampleCount": 47753,
        "rate": 22050,
        "format": "adpcm",
        "tags": [
            "effects",
            "fantasy"
        ]
    },
    {
        "name": "Water Drop",
        "md5": "e133e625fd367d269e76964d4b722fc2.wav",
        "sampleCount": 15241,
        "rate": 22050,
        "format": "adpcm",
        "tags": [
            "effects"
        ]
    },
    {
        "name": "Whinny",
        "md5": "f9513bacf2fc665de05a8dd9bcb88117.wav",
        "sampleCount": 46737,
        "rate": 22050,
        "format": "adpcm",
        "tags": [
            "animals",
            "horse"
        ]
    },
    {
        "name": "Whistle Thump",
        "md5": "a3fab5681aedaa678982173ed9ca3d36.wav",
        "sampleCount": 15241,
        "rate": 22050,
        "format": "adpcm",
        "tags": [
            "wacky",
            "effects",
            "cartoon"
        ]
    },
    {
        "name": "Whiz",
        "md5": "d790e1887515deb4097f0946fbf597ad.wav",
        "sampleCount": 19305,
        "rate": 22050,
        "format": "adpcm",
        "tags": [
            "wacky",
            "effects",
            "cartoon"
        ]
    },
    {
        "name": "Whoop",
        "md5": "fbbbb76a2f53dae6ff1cf61b41f66038.wav",
        "sampleCount": 217600,
        "rate": 44100,
        "format": "",
        "tags": [
            "effects",
            "electronic",
            "space"
        ]
    },
    {
        "name": "Win",
        "md5": "db480f6d5ae6d494dbb76ffb9bd995d5.wav",
        "sampleCount": 45721,
        "rate": 22050,
        "format": "adpcm",
        "tags": [
            "effects",
            "electronic",
            "games"
        ]
    },
    {
        "name": "Wobble",
        "md5": "9913a64bfb5cfa6bb30ec24002cce56b.wav",
        "sampleCount": 40641,
        "rate": 22050,
        "format": "adpcm",
        "tags": [
            "wacky",
            "effects",
            "cartoon"
        ]
    },
    {
        "name": "Wolf Howl",
        "md5": "5e36d74bb16aa5085b901362788b0fbf.wav",
        "sampleCount": 172032,
        "rate": 44100,
        "format": "",
        "tags": []
    },
    {
        "name": "Wood Tap",
        "md5": "de5b41c7080396986873d97e9e47acf6.wav",
        "sampleCount": 3049,
        "rate": 22050,
        "format": "adpcm",
        "tags": [
            "effects"
        ]
    },
    {
        "name": "Wub Beatbox",
        "md5": "e1f32c057411da4237181ce72ae15d23.wav",
        "sampleCount": 14784,
        "rate": 44100,
        "format": "",
        "tags": []
    },
    {
        "name": "Xylo1",
        "md5": "6ac484e97c1c1fe1384642e26a125e70.wav",
        "sampleCount": 238761,
        "rate": 22050,
        "format": "adpcm",
        "tags": [
            "music",
            "loops"
        ]
    },
    {
        "name": "Xylo2",
        "md5": "d38fc904a0acfc27854baf7335ed46f9.wav",
        "sampleCount": 246889,
        "rate": 22050,
        "format": "adpcm",
        "tags": [
            "music",
            "loops"
        ]
    },
    {
        "name": "Xylo3",
        "md5": "786a7a66e96c801ca2efed59b20bf025.wav",
        "sampleCount": 209297,
        "rate": 22050,
        "format": "adpcm",
        "tags": [
            "music",
            "loops"
        ]
    },
    {
        "name": "Xylo4",
        "md5": "b3ee7b6515eaf85aebab3c624c1423e9.wav",
        "sampleCount": 77217,
        "rate": 22050,
        "format": "adpcm",
        "tags": [
            "music",
            "loops"
        ]
    },
    {
        "name": "Ya",
        "md5": "30987bbe464eb8db1e4c781dc238f81c.wav",
        "sampleCount": 22764,
        "rate": 44100,
        "format": "",
        "tags": [
            "voice",
            "hiphop"
        ]
    },
    {
        "name": "Zip",
        "md5": "c5f35ef67ab1baccdd3b7df87b329d99.wav",
        "sampleCount": 11177,
        "rate": 22050,
        "format": "adpcm",
        "tags": [
            "wacky",
            "human"
        ]
    },
    {
        "name": "Zoop",
        "md5": "01f5372ddac43001a2db4c82d71f37bb.wav",
        "sampleCount": 11056,
        "rate": 44100,
        "format": "",
        "tags": [
            "effects",
            "electronic",
            "space"
        ]
    }
]